q2y,zpt,bin,A,A_err,B,B_err,C,C_err,chi2,ndf,redchi2,nanA,empty
1,1,(Q2_y_Bin_1)-(z_pT_Bin_1),23714.552997456693,500.72833785314833,-0.010504883328684,0.00626715147296219,0.0133207472699202,0.008139105812966951,23.028961972963426,18.0,1.2793867762757458,False,False
1,2,(Q2_y_Bin_1)-(z_pT_Bin_2),25027.719820352955,648.379471711738,-0.05493405870333945,0.04117535921147202,0.03668904889154347,0.027455258929914295,33.05095771124417,15.0,2.2033971807496116,False,False
1,3,(Q2_y_Bin_1)-(z_pT_Bin_3),27990.207785113595,543.9808457438066,-0.1327308226801738,0.03268819811575645,0.03197713355759244,0.023876465373817376,26.587347508724328,15.0,1.7724898339149553,False,False
1,4,(Q2_y_Bin_1)-(z_pT_Bin_4),25866.17408779375,266.66480455951387,-0.22198908692842378,0.017949528540698534,-0.010000000929174047,0.014793786678615212,41.501896536962356,17.0,2.441288031586021,False,False
1,5,(Q2_y_Bin_1)-(z_pT_Bin_5),23231.9242857174,237.3499665597119,-0.2232463602860921,0.02284270989365428,-0.013515554278849928,0.02121682851500941,31.110098432699665,21.0,1.481433258699984,False,False
1,6,(Q2_y_Bin_1)-(z_pT_Bin_6),17564.86418721847,162.31586673287347,-0.25873791612777636,0.014140199882161572,-0.006530797364273272,0.004708329577781602,24.663585541915854,21.0,1.1744564543769453,False,False
1,7,(Q2_y_Bin_1)-(z_pT_Bin_7),15860.925937626882,152.76417810196472,-0.4294275437878677,0.01338927082054045,0.014265857506804282,0.010517422344543295,45.21958729894809,21.0,2.15331368090229,False,False
1,8,(Q2_y_Bin_1)-(z_pT_Bin_8),27991.408725678768,260.16706800227803,-0.015000000184536023,0.0029612807898818146,1.7967638032645782e-11,9.576517157544186e-12,26.373613564071324,16.0,1.6483508477544577,False,False
1,9,(Q2_y_Bin_1)-(z_pT_Bin_9),27865.53307310112,216.87393720786895,-1.4811375276266303e-12,2.7594057600922095e-12,1.3110023695645072e-14,1.3666128670081588e-14,35.695587782737675,17.0,2.0997404578080987,False,False
1,10,(Q2_y_Bin_1)-(z_pT_Bin_10),30153.966310875247,269.3444771034847,-0.05707424363098457,0.014150602364703418,0.002328110848725304,0.0017379471463197657,19.26613823803504,18.0,1.0703410132241689,False,False
1,11,(Q2_y_Bin_1)-(z_pT_Bin_11),25547.73277258972,177.4905986289432,-0.10941036562740994,0.010623927423152942,0.009595660145583282,0.0067340490926467555,38.88142987422165,21.0,1.8514966606772216,False,False
1,12,(Q2_y_Bin_1)-(z_pT_Bin_12),19584.157502689777,135.53918059928947,-0.16680140620641978,0.010000013533203386,0.022633711289853177,0.008726792235863715,28.80854146906119,21.0,1.3718353080505328,False,False
1,13,(Q2_y_Bin_1)-(z_pT_Bin_13),12194.010665565604,99.2322359658574,-0.2329882406372983,0.011608758016683679,0.0523060100455163,0.011177768564249013,24.74286665785331,21.0,1.1782317456120623,False,False
1,14,(Q2_y_Bin_1)-(z_pT_Bin_14),7686.039629680645,77.14152061473533,-0.41487751043866294,0.014223025384429405,0.1544353302366218,0.013557536466566822,21.759234877249696,21.0,1.036154041773795,False,False
1,15,(Q2_y_Bin_1)-(z_pT_Bin_15),29129.0173196733,248.97900516164555,0.03722003393348466,0.024812070386007135,-0.012500000138761905,0.018926081986212304,19.71369854930928,15.0,1.314246569953952,False,False
1,16,(Q2_y_Bin_1)-(z_pT_Bin_16),28285.40645573527,204.02247371890553,-0.025000009928031006,0.003466482417339021,-0.03894703503826797,0.010598561810646433,38.06915016275434,17.0,2.239361774279667,False,False
1,17,(Q2_y_Bin_1)-(z_pT_Bin_17),28847.139069252444,177.26296217727213,-0.05879594866337701,0.008956131350232873,1.074581278310248e-09,1.8734713782818335e-09,29.566683298921195,21.0,1.4079372999486284,False,False
1,18,(Q2_y_Bin_1)-(z_pT_Bin_18),22669.362706971293,141.74742171017715,-0.13756088798258373,0.008847093230707051,-0.0002255994837271505,0.00011970936645377221,25.77260710438863,21.0,1.2272670049708871,False,False
1,19,(Q2_y_Bin_1)-(z_pT_Bin_19),15824.708208371228,111.74320161309788,-0.16937073736461625,0.009860105599828653,0.01537850850734936,0.010576197571422054,31.02118578915711,21.0,1.4771993232931957,False,False
1,20,(Q2_y_Bin_1)-(z_pT_Bin_20),8527.714224760099,78.18245462253981,-0.2804973914613087,0.013259704578223536,0.10410654987441842,0.01278924931729486,39.64770757755304,21.0,1.8879860751215733,False,False
1,22,(Q2_y_Bin_1)-(z_pT_Bin_22),27961.813601445167,232.41250721448523,-5.2727546680715096e-11,2.9873790945164504e-11,-0.01250000005742871,0.0032679759074786194,25.370562449873166,17.0,1.4923860264631275,False,False
1,23,(Q2_y_Bin_1)-(z_pT_Bin_23),28933.36865632354,201.9698031096832,0.008166407799524836,0.0050573537521122975,-0.009753133515759835,0.006843150305707209,31.725857075896087,21.0,1.5107550988521947,False,False
1,24,(Q2_y_Bin_1)-(z_pT_Bin_24),28684.213967361327,164.02331773745027,-0.08680252585873419,0.008015301402059694,-0.015191970548392808,0.010953669704595194,32.25370309559076,21.0,1.53589062359956,False,False
1,25,(Q2_y_Bin_1)-(z_pT_Bin_25),21319.203551792103,134.20425478724974,-0.1393726466780563,0.008922828387354267,0.005978639535609743,0.0033734779685566417,19.54969004274259,21.0,0.9309376210829805,False,False
1,26,(Q2_y_Bin_1)-(z_pT_Bin_26),12964.2705077953,100.64999685602379,-0.16465385185285397,0.011183651968851849,0.043685645113816604,0.010592285322594899,55.4861165104244,21.0,2.6421960243059237,False,False
1,29,(Q2_y_Bin_1)-(z_pT_Bin_29),29680.084552740238,433.82836403532383,0.017128438017572824,0.010334068780902218,-3.150142397354848e-05,2.0608121827025152e-05,30.083868530365184,17.0,1.769639325315599,False,False
1,30,(Q2_y_Bin_1)-(z_pT_Bin_30),31124.5360596693,211.36067107806957,-0.05239950570383283,0.009646913766694024,-0.02771158956153058,0.009228863582638915,36.559800238082005,21.0,1.7409428684800954,False,False
1,31,(Q2_y_Bin_1)-(z_pT_Bin_31),29404.49893115751,187.20053040359016,-0.09206944561784158,0.008989587871679389,-3.683362294704338e-05,2.2794823130041354e-05,22.647967451527983,21.0,1.0784746405489516,False,False
1,32,(Q2_y_Bin_1)-(z_pT_Bin_32),19950.47587890832,146.21918630572873,-0.1214079858841311,0.010486888849546003,0.01045339834679578,0.007609424983620843,86.96872753103949,21.0,4.141367977668547,False,False
2,1,(Q2_y_Bin_2)-(z_pT_Bin_1),24386.93235849494,261.37591588815667,-0.06804130874856891,0.01514043986787289,0.011449893702136747,0.007070467633004093,28.481971315810135,21.0,1.3562843483719111,False,False
2,2,(Q2_y_Bin_2)-(z_pT_Bin_2),19951.403455460877,295.01304065270233,-0.12778201566912176,0.025239966773174374,0.06980930202268193,0.03930955378541892,50.12773092781981,18.0,2.784873940434434,False,False
2,3,(Q2_y_Bin_2)-(z_pT_Bin_3),21193.943790132893,345.8400801807893,-0.12951812477812083,0.02767236752392581,0.03708491575891234,0.026875994023919332,36.13466993503998,17.0,2.125568819708234,False,False
2,4,(Q2_y_Bin_2)-(z_pT_Bin_4),17416.909224187715,266.6872776352666,-0.21027254766685605,0.0269308912892655,0.009534204331484698,0.007153403598957934,28.850380973477264,17.0,1.6970812337339567,False,False
2,5,(Q2_y_Bin_2)-(z_pT_Bin_5),19739.061568945308,261.23514475258526,-0.2612425701760973,0.022840813154786893,-0.02414862796906364,0.01809133085934977,45.966874483122844,18.0,2.55371524906238,False,False
2,6,(Q2_y_Bin_2)-(z_pT_Bin_6),16473.00087831311,214.09317714911867,-0.2900172772892367,0.0009518311052630624,0.002500000592019303,0.003295385113226341,137.14056295471067,21.0,6.5305029978433655,False,False
2,7,(Q2_y_Bin_2)-(z_pT_Bin_7),27385.20982998883,231.85801890253788,-0.014000002614052428,0.0016910877229115093,0.03000000118302047,0.002650574177555161,40.34601577333899,21.0,1.9212388463494758,False,False
2,8,(Q2_y_Bin_2)-(z_pT_Bin_8),21831.467528650468,289.7114875323732,-0.08426344214656194,0.021538212370768334,-0.029531084078788034,0.021569110907530137,21.65539567866203,17.0,1.273846804627178,False,False
2,9,(Q2_y_Bin_2)-(z_pT_Bin_9),23316.21841742961,262.48570368329274,-0.05579216948225985,0.017323693244820616,0.02246078669325318,0.016708151740802986,46.6830165430518,17.0,2.7460597966501057,False,False
2,10,(Q2_y_Bin_2)-(z_pT_Bin_10),17435.22130120933,175.5366265955854,-0.1432183973752504,0.016521250290621278,0.004102772598902014,0.0030255597664943885,20.068207736123895,19.0,1.0562214597959945,False,False
2,11,(Q2_y_Bin_2)-(z_pT_Bin_11),17947.52177133619,148.20668136070526,-0.1671494825495574,0.012729532286978262,0.005276815475866038,0.003956980634600048,17.239703185378655,21.0,0.820938246922793,False,False
2,12,(Q2_y_Bin_2)-(z_pT_Bin_12),13988.6682153051,121.93993163675623,-0.3507172057923592,0.012565472596411498,0.06678368050974097,0.012011620967816713,15.94477291324485,21.0,0.7592749006307071,False,False
2,13,(Q2_y_Bin_2)-(z_pT_Bin_13),30481.071672861428,275.6313971595173,0.028060265960412632,0.019988589727863194,0.007514792986559213,0.004265861023442076,33.9992032683738,21.0,1.6190096794463713,False,False
2,14,(Q2_y_Bin_2)-(z_pT_Bin_14),24169.56833445618,187.84702909709813,-5.1767794604943966e-12,5.510645164002586e-12,0.030000000002089956,0.0038678884558952277,27.545696296864463,17.0,1.6203350762861448,False,False
2,15,(Q2_y_Bin_2)-(z_pT_Bin_15),23244.630821264574,195.58290510910592,-0.0645008551340261,0.013098123970852471,-0.01625324871537711,0.012176246932783423,22.38115067595521,19.0,1.1779552987344848,False,False
2,16,(Q2_y_Bin_2)-(z_pT_Bin_16),16683.429477571157,136.23260297275738,-0.10703511658173254,0.0121689195543382,-0.014944283844251633,0.011189530340612765,28.316203412196828,21.0,1.3483906386760394,False,False
2,17,(Q2_y_Bin_2)-(z_pT_Bin_17),15997.329164746601,119.76224084820478,-0.17563686783542087,0.010683122932393513,0.005860166140062753,0.004619835033890916,25.594966725742378,21.0,1.2188079393210656,False,False
2,18,(Q2_y_Bin_2)-(z_pT_Bin_18),10215.506504243376,96.92527504564259,-0.3354008463910354,0.013500471568517136,0.07127079949495989,0.01286155129259866,31.08687140140166,21.0,1.480327209590555,False,False
2,19,(Q2_y_Bin_2)-(z_pT_Bin_19),31775.138425080764,308.5590025877973,-0.004755140117057036,0.00265998059417721,-0.018419676050763105,0.013796673655344403,25.46663317103418,20.0,1.273331658551709,False,False
2,20,(Q2_y_Bin_2)-(z_pT_Bin_20),25270.397500043684,215.53174753503663,-0.017777805695334204,0.013306144088261017,-0.01141427223611034,0.008021478428115023,23.34179329391449,19.0,1.2285154365218152,False,False
2,21,(Q2_y_Bin_2)-(z_pT_Bin_21),24268.259208340005,170.66387423230117,-0.08099577745118648,0.010490703023337308,-0.013373454825979403,0.013960768286049396,30.033727176346137,21.0,1.4301774845879112,False,False
2,22,(Q2_y_Bin_2)-(z_pT_Bin_22),17100.838841723387,127.8341489774848,-0.10014030902327416,0.010548234445979805,-0.019454619313209055,0.014110234110434432,34.41017032180187,21.0,1.6385795391334224,False,False
2,23,(Q2_y_Bin_2)-(z_pT_Bin_23),14965.281246177577,114.59817346010186,-0.1758030255130253,0.010932052017655194,0.009126857240300787,0.006110697446843436,37.590294375637114,21.0,1.7900140178874817,False,False
2,25,(Q2_y_Bin_2)-(z_pT_Bin_25),25447.44688149926,229.0847111689909,-0.010000000665469076,0.004504984123323678,-0.022343602885883773,0.02033428183113383,40.71631452144323,19.0,2.1429639221812224,False,False
2,26,(Q2_y_Bin_2)-(z_pT_Bin_26),19898.37378432074,160.03430322467466,-0.06710395489188185,0.011771439868791506,-0.02420191238220518,0.017288928069016878,48.67188140024736,21.0,2.317708638107017,False,False
2,27,(Q2_y_Bin_2)-(z_pT_Bin_27),18677.114887085154,139.0721777275412,-0.07725063208812614,0.010468344083165035,-0.040622643772612654,0.010488966696258985,24.920546133607974,21.0,1.186692673028951,False,False
2,28,(Q2_y_Bin_2)-(z_pT_Bin_28),12819.062591139433,110.40136430186885,-0.07217579934290182,0.012053272688571901,-0.032577650366325414,0.011346363964600455,19.58210052416944,21.0,0.9324809773414019,False,False
2,29,(Q2_y_Bin_2)-(z_pT_Bin_29),10570.79962915652,100.04903549915343,-0.18956870488033037,0.013620553185857712,0.037499997854502046,0.002263237004234222,28.99499700879533,21.0,1.3807141432759682,False,False
2,31,(Q2_y_Bin_2)-(z_pT_Bin_31),45763.34771909752,451.39355909336155,0.005426702781081216,0.003343294291882932,-0.0030641287413863193,0.0018708602108019486,24.24980922977234,19.0,1.2763057489353862,False,False
2,32,(Q2_y_Bin_2)-(z_pT_Bin_32),35667.57878325464,229.10211569898092,-0.057137466114110295,0.009374162587842998,-0.03903450433661522,0.009674038758174557,36.136901843763816,21.0,1.7208048497030388,False,False
2,33,(Q2_y_Bin_2)-(z_pT_Bin_33),31723.63144619599,195.63927085333125,-0.060022681726203606,0.00866684190401545,-0.017823604557534567,0.012664890215217217,27.12108874732466,21.0,1.2914804165392695,False,False
2,34,(Q2_y_Bin_2)-(z_pT_Bin_34),20189.917782050656,150.09732349792102,-0.11464893830231841,0.010606037220143992,-0.0019644932664522707,0.0014669029802565586,19.432210630943185,21.0,0.925343363378247,False,False
3,1,(Q2_y_Bin_3)-(z_pT_Bin_1),13569.04456704827,202.91721979737304,-0.04069494677594883,0.01703472596560425,0.00753112501355256,0.004967992120954046,27.37328671958817,21.0,1.3034898437899127,False,False
3,2,(Q2_y_Bin_3)-(z_pT_Bin_2),14398.936314484694,200.88317997428385,-0.15496840071490986,0.01998688159022914,0.01654291033775121,0.011258795978238142,32.94774155096508,21.0,1.56894007385548,False,False
3,3,(Q2_y_Bin_3)-(z_pT_Bin_3),14157.178260284212,213.82900750709996,-0.148461651268949,0.023592553515789212,0.05137567477097758,0.019100294821757253,13.549568301667623,20.0,0.6774784150833811,False,False
3,4,(Q2_y_Bin_3)-(z_pT_Bin_4),11006.854940337062,217.00278955448994,-0.23925356796155825,0.033048757210892246,0.015069464387089202,0.009767859829430814,18.475773954607494,18.0,1.026431886367083,False,False
3,5,(Q2_y_Bin_3)-(z_pT_Bin_5),3720.4763564999175,87.41854423711493,-0.22063601476728678,0.03821923949962178,0.036300915202857754,0.02640387905771225,16.36559845300981,17.0,0.9626822619417535,False,False
3,7,(Q2_y_Bin_3)-(z_pT_Bin_7),22788.298326451146,216.49514433125296,-0.006281205366019444,0.004570889815428059,0.0254191202891967,0.018217691445774103,20.756290526870693,21.0,0.9883947869938425,False,False
3,8,(Q2_y_Bin_3)-(z_pT_Bin_8),25732.831605094376,197.8615587049262,-0.04906169572302311,0.011392638642014914,0.017324373919944867,0.01279122982270817,25.78359822348523,21.0,1.2277903915945347,False,False
3,9,(Q2_y_Bin_3)-(z_pT_Bin_9),25975.136924788487,241.8697366270917,-0.11332891905647377,0.015125848585013653,-0.03355541852610792,0.01185562393192646,22.587883072308085,20.0,1.1293941536154042,False,False
3,10,(Q2_y_Bin_3)-(z_pT_Bin_10),28532.148446800795,253.5037461640095,-0.08779491411105265,0.01425076005994632,0.03949698615521572,0.011864477127740825,33.772398208616615,19.0,1.7774946425587692,False,False
3,11,(Q2_y_Bin_3)-(z_pT_Bin_11),22731.267139709427,197.14590711931487,-0.18543661493370264,0.014052108240730138,-1.422025212388791e-05,6.853656815185695e-06,27.562725407361132,19.0,1.4506697582821648,False,False
3,12,(Q2_y_Bin_3)-(z_pT_Bin_12),24646.32900642523,192.31711048397483,-0.3133806231199849,0.011809276164986504,0.033213013091056204,0.010821815949874658,31.617291919817237,21.0,1.5055853295151065,False,False
3,13,(Q2_y_Bin_3)-(z_pT_Bin_13),24221.86845453927,205.49627124838662,0.023559481611054325,0.016966490300211513,0.003205668139431718,0.002372520419007508,27.331274569475806,21.0,1.3014892652131336,False,False
3,14,(Q2_y_Bin_3)-(z_pT_Bin_14),27362.77620286038,216.25677458205973,-0.030338636454338742,0.011093069547954066,-0.004726280046132183,0.003534035722635438,32.6423581499982,20.0,1.6321179074999101,False,False
3,15,(Q2_y_Bin_3)-(z_pT_Bin_15),28171.414625201025,262.1250949880159,-0.05116646643755979,0.01416355569426335,0.005806762914016285,0.004276054594274349,27.959739762817303,19.0,1.4715652506745949,False,False
3,16,(Q2_y_Bin_3)-(z_pT_Bin_16),28152.000255937226,204.82575930946223,-0.11405614691063014,0.01129558377421741,-0.02320831829450108,0.009584008251141644,25.80183097129379,20.0,1.2900915485646895,False,False
3,17,(Q2_y_Bin_3)-(z_pT_Bin_17),21628.435623139565,157.46860390788424,-0.15116016841795846,0.01080766960242062,-0.02692427107043418,0.010040360662061678,19.193876587122098,21.0,0.9139941231962904,False,False
3,18,(Q2_y_Bin_3)-(z_pT_Bin_18),19955.32099597817,150.14914645284261,-0.24916770214656597,0.01091360388942203,0.018429669392302332,0.01350190814295896,12.535624648413535,21.0,0.5969345070673112,False,False
3,19,(Q2_y_Bin_3)-(z_pT_Bin_19),22635.83893301108,196.8531511769943,-0.02278237233817182,0.016603761154416394,0.0027314680380790247,0.0013846369892889813,20.361054528045468,21.0,0.9695740251450223,False,False
3,20,(Q2_y_Bin_3)-(z_pT_Bin_20),25986.84465150966,268.39993222899466,-0.0076005351334781325,0.005557761344610738,-0.0013519278895271977,0.001015666019741887,36.403300946606,19.0,1.9159632077161053,False,False
3,21,(Q2_y_Bin_3)-(z_pT_Bin_21),26336.00163846989,207.2130978446312,-0.05161125886638104,0.011663122273847016,-0.06337069345063846,0.011937461601668899,27.598155698991913,19.0,1.4525345104732585,False,False
3,22,(Q2_y_Bin_3)-(z_pT_Bin_22),26168.155493304963,178.08447283156238,-0.11025032063774917,0.010069533718270074,-0.07104293795394699,0.010691026232060412,13.274003491233614,21.0,0.6320954043444578,False,False
3,23,(Q2_y_Bin_3)-(z_pT_Bin_23),18933.958668955092,146.94835840264022,-0.17440583625025768,0.0112957921847133,0.010338798219033236,0.004311403127984437,39.74026371500174,21.0,1.892393510238178,False,False
3,24,(Q2_y_Bin_3)-(z_pT_Bin_24),16151.519075774646,186.1202726198162,-0.22997992216485905,0.016553858087032025,0.06227865158928925,0.013744727919546177,30.66318510001112,21.0,1.460151671429101,False,False
3,25,(Q2_y_Bin_3)-(z_pT_Bin_25),42073.50294919316,337.39778693782137,-0.016045856238269984,0.012029868181200765,-0.00932071213610955,0.005836826761605055,28.854381858651486,21.0,1.374018183745309,False,False
3,26,(Q2_y_Bin_3)-(z_pT_Bin_26),49827.76847181004,419.13375449702653,-0.013190941256384484,0.00958231136609611,-0.013698228042237626,0.010259486503247768,30.586181424960508,19.0,1.6097990223663425,False,False
3,27,(Q2_y_Bin_3)-(z_pT_Bin_27),48058.44460646746,294.0904145680106,-0.037538423748470925,0.00887297392465582,-0.042381946246455415,0.00960468612341906,25.105064286573892,21.0,1.195479251741614,False,False
3,28,(Q2_y_Bin_3)-(z_pT_Bin_28),44815.6185055838,258.0793148326302,-0.07965596583533563,0.008314791174398227,-0.0467307762358654,0.008567353382480235,26.899327585462736,21.0,1.2809203612125113,False,False
3,29,(Q2_y_Bin_3)-(z_pT_Bin_29),30744.84631310771,247.33110795040557,-0.17184385343781808,0.011784123273673522,0.0074999999462815456,0.0008936272472575084,84.41996012193741,21.0,4.019998101044639,False,False
4,7,(Q2_y_Bin_4)-(z_pT_Bin_7),14590.232376361153,249.8125314616027,-0.02566989836204239,0.01912533633491023,0.0035464205879753327,0.0023471334156053595,18.787031487135494,21.0,0.8946205470064521,False,False
4,8,(Q2_y_Bin_4)-(z_pT_Bin_8),12022.312069662472,185.58572445918435,-0.05361441263174989,0.020187038748814435,0.049654998453323204,0.01900473318294647,25.582981246820285,21.0,1.2182372022295374,False,False
4,9,(Q2_y_Bin_4)-(z_pT_Bin_9),8438.03450233907,139.02560730890673,-0.1294987942535078,0.02379591729875196,0.017767429900090136,0.011019720879598205,13.53333129866686,21.0,0.6444443475555648,False,False
4,10,(Q2_y_Bin_4)-(z_pT_Bin_10),1457.9441173107246,40.77954551749997,-0.16708670269340828,0.04256668108938881,0.0490368602185067,0.03678208019174234,14.289659059281595,19.0,0.7520873189095576,False,False
4,11,(Q2_y_Bin_4)-(z_pT_Bin_11),nan,0.0,-0.22,0.0,1.0,0.0,0.0,21.0,0.0,True,False
4,13,(Q2_y_Bin_4)-(z_pT_Bin_13),16989.40847675754,203.15630939634684,-0.008449461722569154,0.005760751202136857,-0.00028002998900973955,9.509499515235509e-05,22.378041035859628,21.0,1.0656210017076013,False,False
4,14,(Q2_y_Bin_4)-(z_pT_Bin_14),17987.90740063958,172.3142348080837,-0.04027057600417826,0.013029355782606115,-0.022582101106076724,0.016580705392349564,24.285681180179623,21.0,1.156461008579982,False,False
4,15,(Q2_y_Bin_4)-(z_pT_Bin_15),20934.15709934224,206.45424936494783,-0.09827181459456891,0.014691238363589473,0.006639766886494966,0.004810070029672871,34.3173934863284,21.0,1.6341615945870667,False,False
4,16,(Q2_y_Bin_4)-(z_pT_Bin_16),22117.822428309508,295.7498868892926,-0.12205549616504668,0.02082209191949448,-0.02253435855921709,0.016815489870186516,15.402754800874341,19.0,0.8106713053091759,False,False
4,17,(Q2_y_Bin_4)-(z_pT_Bin_17),10126.362996614997,161.8457109597921,-0.16157995799843491,0.0032339005024842327,-0.01950174722441245,0.010934614328780047,27.508889107792484,19.0,1.4478362688311834,False,False
4,19,(Q2_y_Bin_4)-(z_pT_Bin_19),16192.302629351787,189.90883383147138,-0.011992159323818625,0.006747501658758954,0.004449920607519012,0.0032908816757212167,19.118727804512943,21.0,0.9104156097387116,False,False
4,20,(Q2_y_Bin_4)-(z_pT_Bin_20),17191.398993622566,161.5562189618704,-0.022202190101758692,0.01638760818615962,0.008146367009543324,0.004591867971285893,19.90496846061224,21.0,0.9478556409815352,False,False
4,21,(Q2_y_Bin_4)-(z_pT_Bin_21),19766.191706951886,202.87607989013304,-0.046100804329847665,0.01461616914029425,-0.06375948849228924,0.014525744308522073,37.9604098790414,21.0,1.807638565668638,False,False
4,22,(Q2_y_Bin_4)-(z_pT_Bin_22),21954.900340205,236.37407593538774,-0.09112578124882934,0.016312770351915244,-0.052616601090197467,0.015221941370382457,15.662005827713866,19.0,0.8243160961954666,False,False
4,23,(Q2_y_Bin_4)-(z_pT_Bin_23),20836.445505373365,269.4642026910333,-0.1823252261949109,0.018859550046702533,-0.03956324140644189,0.02824177408723152,17.264810830301908,21.0,0.8221338490619956,False,False
4,25,(Q2_y_Bin_4)-(z_pT_Bin_25),22099.168420244572,219.49392193656786,0.0070363094386908,0.005063722947678842,0.0021530004171092638,0.001529756321692841,18.275140748711934,21.0,0.8702447975577111,False,False
4,26,(Q2_y_Bin_4)-(z_pT_Bin_26),23103.634684813493,189.76418995635504,-0.02152108768112373,0.01564978580369515,-0.0232530559444883,0.01668233701118367,41.177543167870205,21.0,1.9608353889462002,False,False
4,27,(Q2_y_Bin_4)-(z_pT_Bin_27),26168.72889406558,288.9889644372324,-0.07014084417481524,0.016937596889084576,-0.05555390060388479,0.014673924415632898,23.686811457791958,19.0,1.2466742872522083,False,False
4,28,(Q2_y_Bin_4)-(z_pT_Bin_28),28284.84304407003,243.24811788704937,-0.07204193773297507,0.012610645779344974,-0.034548550309756405,0.012186987739439492,35.12642559249511,20.0,1.7563212796247556,False,False
4,29,(Q2_y_Bin_4)-(z_pT_Bin_29),28299.536384363466,361.9982611779469,-0.1624862491586495,0.01878009759367992,-0.004481176489630057,0.003393150322641699,43.73447572593972,21.0,2.0825940821876054,False,False
4,31,(Q2_y_Bin_4)-(z_pT_Bin_31),48065.58342712397,451.0284574521793,0.004916401080045719,0.0031112998746113275,-0.027909946145184925,0.01992207775172176,29.54884917102595,21.0,1.4070880557631404,False,False
4,32,(Q2_y_Bin_4)-(z_pT_Bin_32),50071.43861826295,450.04051574101686,-0.012652214922972558,0.008909874433446274,-0.02954623033427986,0.011512255440876328,21.90230505057307,21.0,1.0429669071701462,False,False
4,33,(Q2_y_Bin_4)-(z_pT_Bin_33),54844.24371885579,486.4080853698433,-0.0269135951042947,0.011308270345752228,-0.08584205737595409,0.013045632188839425,20.8272193386207,19.0,1.0961694388747738,False,False
4,34,(Q2_y_Bin_4)-(z_pT_Bin_34),54441.970215267014,464.63301325113207,-0.09102563959151438,0.012542001383693303,-0.022637456871935052,0.016610787422721762,30.831609013404364,21.0,1.4681718577811602,False,False
5,1,(Q2_y_Bin_5)-(z_pT_Bin_1),12270.28006660123,211.9332726744433,-0.03429563795985041,0.0256932776816489,-0.003354350895697191,0.0024414745466544954,10.113966330182926,21.0,0.48161744429442505,False,False
5,2,(Q2_y_Bin_5)-(z_pT_Bin_2),11885.542142565839,286.78309008042197,-0.1437351763564202,0.040697455429655346,0.010219622511393661,0.006780030975804878,15.34646111369833,16.0,0.9591538196061457,False,False
5,3,(Q2_y_Bin_5)-(z_pT_Bin_3),12389.016503402823,195.47122748823858,-0.12395083722979146,0.0243067680700092,0.029999995756944536,0.013244776772134228,28.926905046887985,15.0,1.928460336459199,False,False
5,4,(Q2_y_Bin_5)-(z_pT_Bin_4),13609.346555520544,288.4372170202332,-0.16215911352868406,0.03668689770609469,0.031048867746008714,0.023261242240409742,18.64136502545448,15.0,1.2427576683636319,False,False
5,5,(Q2_y_Bin_5)-(z_pT_Bin_5),15315.060860721498,226.8914476801201,-0.18012560111181583,0.026322626645295513,-0.022331092857169603,0.02545165461684475,24.241989834011843,17.0,1.4259994020006967,False,False
5,6,(Q2_y_Bin_5)-(z_pT_Bin_6),16835.61150582628,174.7713559791082,-0.3928402273867679,0.015988426703275355,0.011879529581464493,0.0074872534580414955,23.19769735037324,21.0,1.104652254779678,False,False
5,7,(Q2_y_Bin_5)-(z_pT_Bin_7),14357.095358618713,181.69960810823886,-0.008314329333607711,0.006243161824356618,-3.499202788515853e-09,3.0595103865814687e-09,35.01436672132554,21.0,1.667350796253597,False,False
5,8,(Q2_y_Bin_5)-(z_pT_Bin_8),14399.853551239052,289.8560413897176,-0.009018407131523448,0.006482581437655135,0.04277734508097201,0.030642896248104887,22.223624211855302,15.0,1.4815749474570201,False,False
5,9,(Q2_y_Bin_5)-(z_pT_Bin_9),13810.596132908235,174.33650261981438,-0.07891083061379046,0.020268862888245524,-0.006365219193399403,0.01227871609164093,24.92977421332038,16.0,1.5581108883325236,False,False
5,10,(Q2_y_Bin_5)-(z_pT_Bin_10),13726.827779454734,182.02793426534663,-0.1200893113255324,0.022512063148267453,-0.04753001713284592,0.01705457635126101,22.76639316957004,17.0,1.3391995982100025,False,False
5,11,(Q2_y_Bin_5)-(z_pT_Bin_11),14184.231577693718,123.3842015511409,-0.1623283429490365,0.013949154624814344,-0.00955671598177209,0.016377333030643655,28.312114704473537,21.0,1.3481959383082636,False,False
5,12,(Q2_y_Bin_5)-(z_pT_Bin_12),11470.399910949036,104.90268983201622,-0.35194987187359994,0.013001191418789831,0.06154016379530162,0.01254612869728185,31.5111880839904,21.0,1.5005327659043048,False,False
5,13,(Q2_y_Bin_5)-(z_pT_Bin_13),18861.739799300536,212.13020481942294,-0.002617532784285883,0.0018956552866859352,-0.0031902902356876063,0.0017026599490643204,17.49855545731644,19.0,0.9209766030166546,False,False
5,14,(Q2_y_Bin_5)-(z_pT_Bin_14),17980.506371471787,264.5576499544568,-0.06808432363762085,0.022552767107866384,0.0010588643725713892,0.0007848999980539063,19.283043450143243,16.0,1.2051902156339527,False,False
5,15,(Q2_y_Bin_5)-(z_pT_Bin_15),17515.693415795293,139.20268268027212,-0.05000057168297351,0.0893271807056341,-0.008329651372915638,0.010397500062651444,22.206698040555846,17.0,1.3062763553268144,False,False
5,16,(Q2_y_Bin_5)-(z_pT_Bin_16),16414.137706943886,136.09905509138298,-0.09071725614222934,0.013026308765837713,-0.01318943864074082,0.009646486830122298,24.30095336590184,21.0,1.1571882555191353,False,False
5,17,(Q2_y_Bin_5)-(z_pT_Bin_17),15283.065934551616,106.78925560651896,-0.15602977186151767,0.01011409429255887,0.004526374739521874,0.0023680727342382506,29.337540686192426,21.0,1.3970257469615441,False,False
5,18,(Q2_y_Bin_5)-(z_pT_Bin_18),10255.500464806359,91.0837494546613,-0.38101967329757364,0.01247339605394282,0.12497057488755649,0.01201040872252717,31.782387425369066,21.0,1.5134470202556698,False,False
5,19,(Q2_y_Bin_5)-(z_pT_Bin_19),23308.210961568275,245.21429776904552,-0.00060735080710977,0.0004363894371124888,-0.013016220321350242,0.00927910908045219,8.983138983080226,18.0,0.4990632768377903,False,False
5,20,(Q2_y_Bin_5)-(z_pT_Bin_20),22802.478671069046,240.5500765085162,-0.01651288432652423,0.011865669489267578,-0.010413823381416084,0.006217987773945163,16.63398989541779,17.0,0.9784699938481054,False,False
5,21,(Q2_y_Bin_5)-(z_pT_Bin_21),20878.72430211441,140.66471789349453,-0.05000084232260051,0.08987041745145498,-0.01734290649146929,0.029601916001489155,22.9850790015616,21.0,1.0945275715029334,False,False
5,22,(Q2_y_Bin_5)-(z_pT_Bin_22),19060.365959434137,121.35892947003595,-0.08844960796854064,0.009029849047625174,-0.03507325735630612,0.008845301225833066,16.838054874022994,21.0,0.8018121368582378,False,False
5,23,(Q2_y_Bin_5)-(z_pT_Bin_23),16426.959105767408,104.70339486987268,-0.2152792394615315,0.008978763962906089,0.026061307815022725,0.00825023397457159,22.03364185649769,21.0,1.0492210407856044,False,False
5,25,(Q2_y_Bin_5)-(z_pT_Bin_25),22079.031114014986,182.42327897863288,-2.657412493892755e-10,2.657298898969828e-10,-5.7420354873625786e-09,8.161230938433417e-09,30.504470733305812,17.0,1.79438063137093,False,False
5,26,(Q2_y_Bin_5)-(z_pT_Bin_26),21823.469806719597,154.4259172753882,-0.04178481024537364,0.010243328660333319,-0.020244343788511445,0.014504996268505623,29.51519509949111,21.0,1.405485480928148,False,False
5,27,(Q2_y_Bin_5)-(z_pT_Bin_27),19884.88220672957,127.17239217880524,-0.0686295831976831,0.009089569997311038,-0.017404308294745662,0.013194173541573782,15.631289854783628,21.0,0.7443471359420775,False,False
5,28,(Q2_y_Bin_5)-(z_pT_Bin_28),17377.998028607086,110.86994970510932,-0.14186462766385174,0.00891435879035471,-0.016939494598710542,0.012148062633939454,36.992140116010766,21.0,1.7615304817147983,False,False
5,29,(Q2_y_Bin_5)-(z_pT_Bin_29),13571.84938261403,94.13630935845867,-0.21002855902539933,0.009933965101137837,0.052710538834651266,0.009541964141710001,16.033493961707464,21.0,0.7634997124622602,False,False
5,31,(Q2_y_Bin_5)-(z_pT_Bin_31),31910.037800018996,254.1691677012459,-7.034830569460705e-09,1.241409838349591e-08,-3.6245885680252194e-09,6.942494517987773e-09,22.062716626305722,17.0,1.2978068603709247,False,False
5,32,(Q2_y_Bin_5)-(z_pT_Bin_32),31231.19441634298,194.77329129894133,-0.04962700101369693,0.009059505737076395,-0.031133802540398454,0.009006950412674077,51.71985892540303,21.0,2.462850425019192,False,False
5,33,(Q2_y_Bin_5)-(z_pT_Bin_33),26791.935908585798,158.79275689146743,-0.06382534924944508,0.008272734845162312,-0.019759376339138525,0.007327667713022569,21.76435808229884,21.0,1.0363980039189924,False,False
5,34,(Q2_y_Bin_5)-(z_pT_Bin_34),21431.849186172305,134.24244866654226,-0.14332943376890486,0.008935243097701676,0.025040279842633666,0.008111300001535354,26.8427225622219,21.0,1.2782248839153287,False,False
6,1,(Q2_y_Bin_6)-(z_pT_Bin_1),20269.386395401663,205.99211378375185,-0.027712250406491702,0.0198244069447252,-0.00043830359734724786,0.0003104641831043111,7.479750638777953,21.0,0.3561786018465692,False,False
6,2,(Q2_y_Bin_6)-(z_pT_Bin_2),19707.4979983977,190.3659142775341,-0.1400769136103315,0.015502847899728923,0.00700806999766848,0.011740262190063716,42.8061523755273,21.0,2.038388208358443,False,False
6,3,(Q2_y_Bin_6)-(z_pT_Bin_3),20454.822765577563,261.10067885278477,-0.12869362103625742,0.02139364151014176,0.02841524513832318,0.02088268056672167,13.049246838204038,18.0,0.7249581576780021,False,False
6,4,(Q2_y_Bin_6)-(z_pT_Bin_4),21692.18716023399,259.26266575796944,-0.1640815421064174,0.020425358561518808,-0.005164065650294869,0.003078941205872208,28.352929648304166,17.0,1.6678193910767156,False,False
6,5,(Q2_y_Bin_6)-(z_pT_Bin_5),24337.461574991594,252.14537155032667,-0.21572575702141744,0.01747046358903742,-0.014004812644872505,0.009639818356501233,27.796423218926023,18.0,1.544245734384779,False,False
6,6,(Q2_y_Bin_6)-(z_pT_Bin_6),20575.722549480863,250.74362105933142,-0.4499999987431154,0.00754570947884331,0.00250000026652759,0.004705865244894147,20.475702678568634,21.0,0.9750334608842207,False,False
6,7,(Q2_y_Bin_6)-(z_pT_Bin_7),19452.19630081724,176.0580280735685,-0.002754935905523043,0.0017191176952500618,-0.0189913905649542,0.014155653433796498,9.721683331872022,21.0,0.46293730151771534,False,False
6,8,(Q2_y_Bin_6)-(z_pT_Bin_8),18677.713465960627,203.34167005959353,-0.032481804346353074,0.023482262274595694,-0.0064804157079353525,0.004855488644922138,40.17792979654323,19.0,2.1146278840285913,False,False
6,9,(Q2_y_Bin_6)-(z_pT_Bin_9),18262.14607985668,212.75259835831457,-0.05030067215941017,0.017485687439414786,0.0066284517755161735,0.004970316750058965,39.83962844180169,17.0,2.3435075554000995,False,False
6,10,(Q2_y_Bin_6)-(z_pT_Bin_10),18178.021913475466,162.36650450264642,-0.11557891559495546,0.014400494703795723,0.000582021908160903,0.00037911630325752085,30.54177483086368,19.0,1.6074618332033517,False,False
6,11,(Q2_y_Bin_6)-(z_pT_Bin_11),17573.004309104483,132.12180764615732,-0.17623609671948884,0.011516660176873958,0.015665873830845535,0.011726168192883014,15.387601351868993,21.0,0.732742921517571,False,False
6,12,(Q2_y_Bin_6)-(z_pT_Bin_12),12795.094063808627,113.32484643002408,-0.3714982759417989,0.012536000550260246,0.08715866867154398,0.012140344430415707,35.98096168922913,21.0,1.7133791280585302,False,False
6,13,(Q2_y_Bin_6)-(z_pT_Bin_13),24401.39249304217,204.03393267074534,-0.0018052970505391555,0.0013397944861475025,-0.0026745100482478265,0.001532452406367664,31.20808262923233,21.0,1.486099172820587,False,False
6,14,(Q2_y_Bin_6)-(z_pT_Bin_14),23456.91303278051,259.33955334401435,-0.023035121049223763,0.017277210832246613,-0.007274173390871546,0.004971094731804758,30.743503656963817,17.0,1.8084413915861068,False,False
6,15,(Q2_y_Bin_6)-(z_pT_Bin_15),21947.69973526789,179.5468596758019,-0.0502166620138775,0.01244374577943769,-0.03132255291437277,0.011200533016451662,28.118924939218974,19.0,1.4799434178536301,False,False
6,16,(Q2_y_Bin_6)-(z_pT_Bin_16),21263.0753305038,145.0352190679423,-0.08569554167452567,0.010178605135809815,-0.0294277387789376,0.00968253297740545,31.266598624554945,21.0,1.4888856487883306,False,False
6,17,(Q2_y_Bin_6)-(z_pT_Bin_17),19344.747387989093,122.54351521435092,-0.1739220533952973,0.008973651100508795,-0.005821279440652416,0.002938617385332511,23.068792994123395,21.0,1.098513952101114,False,False
6,19,(Q2_y_Bin_6)-(z_pT_Bin_19),26767.981679578403,220.41303955697367,0.003043960445168684,0.002181593680096374,-0.004973542876485819,0.003729327672281735,54.971796046692,21.0,2.617704573652,False,False
6,20,(Q2_y_Bin_6)-(z_pT_Bin_20),26081.500675754625,213.57139107175135,-0.040267586482494525,0.012136668786487606,-0.03118911178919625,0.010838682947808462,20.37982098817345,19.0,1.0726221572722867,False,False
6,21,(Q2_y_Bin_6)-(z_pT_Bin_21),24569.96047995512,164.3309137670458,-0.03330662152867829,0.009210025125489843,-0.03922093835527606,0.010138114324696168,37.61388325312613,21.0,1.7911372977679112,False,False
6,22,(Q2_y_Bin_6)-(z_pT_Bin_22),23321.258536302,139.8795234156205,-0.1072141130971348,0.00835686607975767,-0.04450550045099709,0.008467739643163101,35.49224195706795,21.0,1.6901067598603785,False,False
6,23,(Q2_y_Bin_6)-(z_pT_Bin_23),19367.512211567235,124.5620780516474,-0.1756522020662816,0.003788452050266733,0.03335142489930038,0.008130613790587923,44.75622982675912,21.0,2.131249039369482,False,False
6,25,(Q2_y_Bin_6)-(z_pT_Bin_25),43791.58281826699,409.92275634582984,0.006899615534702609,0.005064204109419377,0.03352219392491612,0.011632807502672992,24.828486695441214,19.0,1.3067624576548007,False,False
6,26,(Q2_y_Bin_6)-(z_pT_Bin_26),42714.224360706925,283.90861842782397,-0.047280252349553006,0.010082991138998413,-0.03499892355187101,0.009958101257754917,19.646608915031372,21.0,0.9355528054776844,False,False
6,27,(Q2_y_Bin_6)-(z_pT_Bin_27),37958.38806118212,215.32150620672473,-0.07763318838631558,0.007996224660277884,-0.03539333095992003,0.008041837183423326,26.1632558129283,21.0,1.245869324425157,False,False
6,28,(Q2_y_Bin_6)-(z_pT_Bin_28),31659.751122717516,186.4442052593422,-0.11241337795582028,0.008372900563058734,-0.012254479595061278,0.00914531801327425,23.335097736876744,21.0,1.111195130327464,False,False
7,1,(Q2_y_Bin_7)-(z_pT_Bin_1),7896.502719996938,140.77458481681924,-0.047676959163019554,0.019992790921363798,-0.025872350618869847,0.018948220812129254,25.430954581806454,21.0,1.2109978372288788,False,False
7,2,(Q2_y_Bin_7)-(z_pT_Bin_2),6132.569263989954,110.36859186932816,-0.05590961574145295,0.006943146613478425,0.0028029321803333417,0.0023156296570191704,15.741472254460984,21.0,0.7495939168790945,False,False
7,3,(Q2_y_Bin_7)-(z_pT_Bin_3),4625.651626786889,86.65982140336746,-0.1501210195379697,0.027470632373218604,0.04390355761698961,0.03216768799726676,12.486788276998816,21.0,0.5946089655713722,False,False
7,4,(Q2_y_Bin_7)-(z_pT_Bin_4),1486.9546141557712,41.46034050792707,-0.25215709379193396,0.044508786212863624,5.917855570453357e-05,3.5093767011226747e-05,28.145860483890445,20.0,1.4072930241945223,False,False
7,5,(Q2_y_Bin_7)-(z_pT_Bin_5),nan,0.0,-0.275,0.0,0.0,0.0,7.490388061926316e+306,21.0,,True,False
7,7,(Q2_y_Bin_7)-(z_pT_Bin_7),13559.157467568191,149.3676024556862,0.016321724830705608,0.012069337153425574,0.021610795853962198,0.016165907613768377,26.483985340314458,21.0,1.2611421590625933,False,False
7,8,(Q2_y_Bin_7)-(z_pT_Bin_8),14246.603975911314,130.78120980349559,-0.00954948824915207,0.005461587096942899,0.0161077194522101,0.012078764812739,25.799558444662182,21.0,1.2285504021267706,False,False
7,9,(Q2_y_Bin_7)-(z_pT_Bin_9),16131.771001274672,146.01239256652207,-0.08866800524745011,0.013828994598560171,-0.0029076955590305494,0.0017888998932789337,28.428752764145273,21.0,1.3537501316259655,False,False
7,10,(Q2_y_Bin_7)-(z_pT_Bin_10),17877.219675715918,180.15507953108317,-0.1392766990752709,0.016358658278405526,0.012038195446768535,0.008103855271528146,31.415944514425256,19.0,1.6534707639171187,False,False
7,11,(Q2_y_Bin_7)-(z_pT_Bin_11),18066.9643877545,179.2454203173511,-0.187657937357704,0.016240482570507517,0.030158291944893972,0.012628833526893627,28.668396275426733,19.0,1.5088629618645648,False,False
7,12,(Q2_y_Bin_7)-(z_pT_Bin_12),14001.914183163814,180.19278795864648,-0.36652696596365625,0.01883666645004667,0.03563625012676256,0.025609795826909275,27.432293119538784,21.0,1.3062996723589897,False,False
7,13,(Q2_y_Bin_7)-(z_pT_Bin_13),15965.527513336065,152.06838611205603,0.06119376052254828,0.013383954964795067,0.023775076164835075,0.017261484006385948,30.47551925864359,21.0,1.451215202792552,False,False
7,14,(Q2_y_Bin_7)-(z_pT_Bin_14),16230.051789459538,130.66593814470798,-0.023886337863105307,0.010100881363342324,-0.028889862949619982,0.01038114806856342,26.61543233408936,21.0,1.267401539718541,False,False
7,15,(Q2_y_Bin_7)-(z_pT_Bin_15),18374.073269303786,169.88075644315177,-0.07131564164646906,0.014413621121881277,-0.01876825149065545,0.014016214670701292,25.014833342947355,20.0,1.2507416671473677,False,False
7,16,(Q2_y_Bin_7)-(z_pT_Bin_16),19024.855877507594,174.58994757476103,-0.12736487365404545,0.014845701165241053,-0.035221884951550805,0.012327177593270563,17.80547294304984,19.0,0.93713015489736,False,False
7,17,(Q2_y_Bin_7)-(z_pT_Bin_17),17701.884518534964,139.59768380741843,-0.17488013274069186,0.012157941231362823,-0.04576308950166455,0.011793638332610306,22.656546772239132,21.0,1.0788831796304348,False,False
7,18,(Q2_y_Bin_7)-(z_pT_Bin_18),16381.534078156525,143.7948520403088,-0.2797705238415051,0.012453925563092993,0.0028770269063226324,0.0018634551313718136,23.40786772342573,21.0,1.1146603677821776,False,False
7,19,(Q2_y_Bin_7)-(z_pT_Bin_19),18522.88804147707,158.86701387379435,0.026186207372613582,0.01083394610065995,0.007590844308419009,0.004027443004090917,24.58514887071646,21.0,1.170721374796022,False,False
7,20,(Q2_y_Bin_7)-(z_pT_Bin_20),18705.853494745304,150.6119905230007,0.0010852966803254682,0.0007279020005698465,-0.007603021424782194,0.0038075633583057817,35.26865405988665,21.0,1.6794597171374595,False,False
7,21,(Q2_y_Bin_7)-(z_pT_Bin_21),21624.547204340073,210.2234613772198,-0.03422636000702163,0.013557641668543495,-0.035298809708451465,0.012304214838859136,18.99313313334713,19.0,0.9996385859656384,False,False
7,22,(Q2_y_Bin_7)-(z_pT_Bin_22),22028.037319916944,161.73198225661872,-0.09768983885434196,0.01116598719935568,-0.056711232074840516,0.011237046660221753,19.185533681350744,20.0,0.9592766840675372,False,False
7,23,(Q2_y_Bin_7)-(z_pT_Bin_23),19249.61263128609,134.2613737688862,-0.1536235044340336,0.010112356703149361,-0.021439945610259456,0.008910105699569296,27.405124629626727,21.0,1.3050059347441298,False,False
7,24,(Q2_y_Bin_7)-(z_pT_Bin_24),15414.106285246373,160.6137694300478,-0.2596377852800483,0.014898925334185437,0.0420418530169938,0.012806590719148338,24.252420006039557,21.0,1.1548771431447409,False,False
7,25,(Q2_y_Bin_7)-(z_pT_Bin_25),17106.391254936152,150.60256814850254,-0.005761058096189844,0.004308142667793115,-0.006613992195962308,0.004535736725576056,38.59172086815897,21.0,1.8377009937218558,False,False
7,26,(Q2_y_Bin_7)-(z_pT_Bin_26),17844.13513301568,176.73800443937762,-0.004845730789218987,0.002615026493681441,-0.02403687553912711,0.0175631457437389,40.908940658948346,20.0,2.0454470329474175,False,False
7,27,(Q2_y_Bin_7)-(z_pT_Bin_27),19598.970311002548,169.02068607670662,-0.040495245009728044,0.01237466406415771,-0.0615790918614796,0.012566752659285741,14.485442780704883,19.0,0.762391725300257,False,False
7,28,(Q2_y_Bin_7)-(z_pT_Bin_28),19603.79512061543,142.69109899147043,-0.0873565955777308,0.010668149133434682,-0.059566497532986325,0.011308287314694347,25.03378885385638,21.0,1.1920851835169703,False,False
7,29,(Q2_y_Bin_7)-(z_pT_Bin_29),16419.228763016392,134.7387282884447,-0.1669929135145653,0.011935092268120645,0.013909669679092036,0.010410186240488499,28.679825984524996,21.0,1.365705999263095,False,False
7,31,(Q2_y_Bin_7)-(z_pT_Bin_31),29886.458145844073,250.60254144930695,-0.005544437194027713,0.004147885163180081,-0.027526186691318885,0.011030134423070957,24.945472392679708,21.0,1.1878796377466527,False,False
7,32,(Q2_y_Bin_7)-(z_pT_Bin_32),31987.059226728885,346.64447391781323,0.01334203213567321,0.00850392131367355,-0.01125073658262787,0.007282544150467579,24.18143331772097,19.0,1.2727070167221564,False,False
7,33,(Q2_y_Bin_7)-(z_pT_Bin_33),34332.733209452344,242.06654024838645,-0.03250066162456698,0.009909388768315253,-0.05201377539885076,0.011013473375064128,25.932208664416454,21.0,1.2348670792579264,False,False
7,34,(Q2_y_Bin_7)-(z_pT_Bin_34),31846.9977858528,208.88050394487982,-0.06165305269310209,0.009353156000532128,-0.026835964243259444,0.009055220029183948,37.03783576033764,21.0,1.763706464777983,False,False
7,35,(Q2_y_Bin_7)-(z_pT_Bin_35),25874.85304040597,249.74458064467035,-0.2179443413573213,0.013649952390433581,0.05999998730112487,0.024637239926919265,36.9337813467416,21.0,1.7587514927019807,False,False
8,6,(Q2_y_Bin_8)-(z_pT_Bin_6),7401.582975907243,141.71204222124106,-0.007071761461008935,0.005091614579379745,0.02060270572572665,0.01279207839304304,25.643269306060976,21.0,1.2211080621933799,False,False
8,7,(Q2_y_Bin_8)-(z_pT_Bin_7),4409.97956838128,85.02484130995845,-0.07179464108378648,0.02524606441174695,0.008344706552011095,0.004597600174017381,22.722945380032876,21.0,1.0820450180968035,False,False
8,8,(Q2_y_Bin_8)-(z_pT_Bin_8),1313.9658036892056,32.18324965206955,-0.11392927132417544,0.014893375448259742,-0.037561219814017256,0.03010287813763322,21.886108712029124,21.0,1.0421956529537677,False,False
8,9,(Q2_y_Bin_8)-(z_pT_Bin_9),nan,0.0,-0.15,0.0,0.0,0.0,2.9961552247705263e+307,21.0,,True,False
8,10,(Q2_y_Bin_8)-(z_pT_Bin_10),nan,0.0,-0.17,0.0,1.0,0.0,0.0,21.0,0.0,True,False
8,11,(Q2_y_Bin_8)-(z_pT_Bin_11),10507.050397476427,149.7351430292756,-0.020876937349706394,0.015345395532931877,-0.021426283386426295,0.015868697412042124,23.095383259782537,21.0,1.0997801552277398,False,False
8,12,(Q2_y_Bin_8)-(z_pT_Bin_12),10853.99621752445,140.48522422971382,-0.05832515814019208,0.030021257561457397,-0.028194159395451168,0.02056214959367958,17.557281883842418,21.0,0.8360610420877341,False,False
8,13,(Q2_y_Bin_8)-(z_pT_Bin_13),10210.81347809248,145.35064479975063,-0.076446984925456,0.01995548470453723,-0.008513399714088451,0.00637615022604936,17.753431225647137,21.0,0.8454014869355779,False,False
8,14,(Q2_y_Bin_8)-(z_pT_Bin_14),6360.574889108368,120.08558897543708,-0.13740995007332057,0.028386854708584174,-0.05991732373760911,0.024114550450631198,15.661197415097496,21.0,0.7457713054808331,False,False
8,15,(Q2_y_Bin_8)-(z_pT_Bin_15),89.83470753481569,5.703565887210061,-0.29733534251864685,0.09104582172915236,-0.045235786984626554,0.03362330158856537,17.93863378790014,19.0,0.9441386204157969,False,False
8,16,(Q2_y_Bin_8)-(z_pT_Bin_16),13394.029535999978,152.10461034980108,-0.003381953010196316,0.0019443918012969534,-0.021228013503139985,0.015911801013146775,30.200780894839397,21.0,1.438132423563781,False,False
8,17,(Q2_y_Bin_8)-(z_pT_Bin_17),13974.45717754456,136.34935793779368,-0.025764657334513243,0.01867679009875744,-0.028234314814087613,0.020078282265323544,26.084556564672766,21.0,1.2421217411748937,False,False
8,18,(Q2_y_Bin_8)-(z_pT_Bin_18),14430.479041496477,155.07589340043796,-0.05455475246901414,0.01505590699593259,-0.05913267164635592,0.015093303189020333,10.302028906197094,21.0,0.4905728050570045,False,False
8,19,(Q2_y_Bin_8)-(z_pT_Bin_19),15610.466495731962,226.60827984258412,-0.09169699161643109,0.02194056309866802,-0.05465697417566772,0.01941264669491071,15.676336976665773,19.0,0.8250703671929355,False,False
8,20,(Q2_y_Bin_8)-(z_pT_Bin_20),6640.137558386358,114.09589078471345,-0.1307547030829439,0.024943283813512865,-0.06312124390342698,0.023643474398040945,19.30566961761957,20.0,0.9652834808809786,False,False
8,21,(Q2_y_Bin_8)-(z_pT_Bin_21),9735.04976080777,126.96373501186918,0.02813235474411959,0.02096941714898881,0.015248321275958402,0.010052256301074624,24.605686816381834,21.0,1.1716993722086588,False,False
8,22,(Q2_y_Bin_8)-(z_pT_Bin_22),10163.737813110101,111.77895738672851,-0.010974378232757757,0.006004878974931419,-0.06227846137186908,0.015537967608167187,30.414030689526943,21.0,1.4482871756917592,False,False
8,23,(Q2_y_Bin_8)-(z_pT_Bin_23),10469.35795299441,134.31947097139255,-0.021841824419885768,0.01627071748488055,-0.08021636111880323,0.01835640770153257,19.645139519236643,21.0,0.935482834249364,False,False
8,24,(Q2_y_Bin_8)-(z_pT_Bin_24),11491.251273696944,176.86978801979149,-0.08554274705536138,0.02262739463478291,-0.0987521665597554,0.022402136617602063,11.11704358836316,19.0,0.5851075572822716,False,False
8,25,(Q2_y_Bin_8)-(z_pT_Bin_25),8918.238279973906,163.37967847080836,-0.10891253686090574,0.02611615325450481,-0.054709765640853045,0.039231235511433746,21.919389988717416,21.0,1.0437804756532103,False,False
8,26,(Q2_y_Bin_8)-(z_pT_Bin_26),11715.202732286745,139.7045744311372,-0.008537505741202517,0.006103290150220582,0.01716114929743979,0.012402020379028692,19.213733029160377,21.0,0.9149396680552561,False,False
8,27,(Q2_y_Bin_8)-(z_pT_Bin_27),12209.859917003045,122.89360076400317,-0.0005471582008313815,0.00039436631977667855,-0.02676040722784865,0.019382514184047864,29.649186141317088,21.0,1.4118660067293851,False,False
8,28,(Q2_y_Bin_8)-(z_pT_Bin_28),12239.172456935663,166.96557200493135,-0.05869439883522586,0.019468562913122427,-0.05972174118239497,0.018406167267103108,37.48319395226392,21.0,1.784913997726853,False,False
8,29,(Q2_y_Bin_8)-(z_pT_Bin_29),13765.659371372583,177.8341418148193,-0.04635411565789137,0.017256615781011064,-0.05731441149137524,0.01846646722137301,15.806736938669314,19.0,0.8319335230878586,False,False
8,30,(Q2_y_Bin_8)-(z_pT_Bin_30),12684.063569488631,199.25968078503593,-0.1011074994821556,0.014639221792805211,-0.005137838316908328,0.010272309871785746,25.949197789893258,21.0,1.2356760852330122,False,False
8,31,(Q2_y_Bin_8)-(z_pT_Bin_31),31666.58338650501,294.81186123066254,-0.013418384872839416,0.009614944862627994,0.005517754565908665,0.004031159432655907,31.96231312233953,21.0,1.5220149105875966,False,False
8,32,(Q2_y_Bin_8)-(z_pT_Bin_32),31836.632499166106,265.2460188284058,0.004129082629968567,0.002288847299931551,-0.04349083547072675,0.011848782655575589,31.736386672725164,21.0,1.5112565082250078,False,False
8,33,(Q2_y_Bin_8)-(z_pT_Bin_33),31821.934555383308,355.56864405231136,0.01787523521699364,0.0131311176682495,-0.032567736351478,0.013159537614133904,28.33035865814208,19.0,1.4910715083232675,False,False
8,34,(Q2_y_Bin_8)-(z_pT_Bin_34),33454.00088604441,335.8892947487184,-0.09077839865360332,0.014809315053609592,-0.0007926357803004519,0.0005638874229464204,25.22091543275887,21.0,1.2009959729885176,False,False
9,1,(Q2_y_Bin_9)-(z_pT_Bin_1),17131.674962642544,199.99610172316534,-0.040122819286173624,0.015504454373768017,-0.03209341169384931,0.022884395809313608,19.260801182336753,21.0,0.9171810086827025,False,False
9,2,(Q2_y_Bin_9)-(z_pT_Bin_2),13735.935677447951,222.90858460607978,-0.07047897035122079,0.024924577545271255,0.012633979940759477,0.007022222489337398,19.355857244474777,18.0,1.075325402470821,False,False
9,3,(Q2_y_Bin_9)-(z_pT_Bin_3),15484.145065092333,279.73568637353947,-0.13243509634401052,0.030640985777141666,-0.0131544621112173,0.004813679734581241,12.58144400067054,17.0,0.7400849412159142,False,False
9,4,(Q2_y_Bin_9)-(z_pT_Bin_4),15605.410669027151,264.6683699199366,-0.19244844418711027,0.030385631890110676,-0.01842046724780959,0.012139179370598862,22.66443356602256,17.0,1.3332019744719152,False,False
9,5,(Q2_y_Bin_9)-(z_pT_Bin_5),21034.571974092178,251.4639050796104,-0.18536270605176297,0.021004619025202828,-0.010518592678907753,0.0056903091662176076,19.07958701838293,17.0,1.1223286481401724,False,False
9,6,(Q2_y_Bin_9)-(z_pT_Bin_6),19449.751311577038,179.17034069740293,-0.26972286494146636,0.015213197058082578,-0.001038554610352801,0.0007690441218696069,12.411514353845368,21.0,0.5910244930402556,False,False
9,7,(Q2_y_Bin_9)-(z_pT_Bin_7),12075.657040472122,123.25794715104439,-0.4246330682600747,0.014611567081003224,0.05245131084204299,0.012572294509588057,27.91270536603846,21.0,1.3291764460018314,False,False
9,8,(Q2_y_Bin_9)-(z_pT_Bin_8),23394.956870940863,243.88649436230844,0.016662656313446326,0.012077708241426822,-0.039201952342090014,0.01329798316771047,34.09047142569737,21.0,1.6233557821760654,False,False
9,9,(Q2_y_Bin_9)-(z_pT_Bin_9),17860.321137552888,259.7715069204369,-0.02179131192695388,0.015177109687581194,-0.05002874174932927,0.016916301080509826,25.62376832499924,17.0,1.5072804897058376,False,False
9,10,(Q2_y_Bin_9)-(z_pT_Bin_10),19494.97949732779,239.35178401937992,-0.044070898699774326,0.017829251715973396,-0.021379008047327088,0.016030514110481814,22.728524108748537,17.0,1.3369720063969728,False,False
9,11,(Q2_y_Bin_9)-(z_pT_Bin_11),18581.568228932047,165.86834690267278,-0.08519571546288768,0.014438390396754285,-0.019780906155590604,0.020490655396457384,21.835716447712773,19.0,1.149248234090146,False,False
9,12,(Q2_y_Bin_9)-(z_pT_Bin_12),21720.36605362804,144.01969598212963,-0.1382422970448642,0.010196690230283648,-0.010494453077214687,0.007719895283951665,28.303704789295605,21.0,1.3477954661569336,False,False
9,13,(Q2_y_Bin_9)-(z_pT_Bin_13),16213.320128391493,107.63464770033261,-0.24367841944200733,0.009579835780381851,0.0465095274818225,0.00919416423936301,14.961316219908362,21.0,0.7124436295194458,False,False
9,14,(Q2_y_Bin_9)-(z_pT_Bin_14),6709.159288139992,62.9800192066823,-0.4457947181219059,0.013068238680075867,0.14486404783961807,0.012609426777195135,31.146356525352353,21.0,1.4831598345405883,False,False
9,15,(Q2_y_Bin_9)-(z_pT_Bin_15),22270.866141839728,232.02823490891933,0.014213850078622504,0.009645286868829922,-0.016325914512420707,0.012203924782235497,35.22967817248616,21.0,1.677603722499341,False,False
9,16,(Q2_y_Bin_9)-(z_pT_Bin_16),17135.640822920614,220.78458856461475,-0.026040165414258243,0.01949902879083955,-0.03188666268637068,0.022843972434693594,13.919597158741741,17.0,0.8187998328671613,False,False
9,17,(Q2_y_Bin_9)-(z_pT_Bin_17),18364.301817361138,149.23817870599487,-0.04917403139784741,0.012463010834768244,-0.007437932264127446,0.004133063448609803,17.58469826230284,19.0,0.9255104348580442,False,False
9,18,(Q2_y_Bin_9)-(z_pT_Bin_18),16510.631905779403,115.16596409643898,-0.08349298464451473,0.010404907391230497,-0.015595493588794447,0.011601284583875802,35.39353612696379,21.0,1.6854064822363708,False,False
9,19,(Q2_y_Bin_9)-(z_pT_Bin_19),17883.457260652034,106.49180954973417,-0.14173678594498437,0.008481035889284658,0.0025342154577734175,0.001557803499670222,13.762619610108844,21.0,0.6553628385766116,False,False
9,20,(Q2_y_Bin_9)-(z_pT_Bin_20),11405.860676943808,81.08033039883321,-0.28515007155621097,0.010150160312602574,0.0804342501287641,0.009729171223413664,30.30958216281122,21.0,1.4433134363243438,False,False
9,22,(Q2_y_Bin_9)-(z_pT_Bin_22),21902.916143344923,263.5354443552187,0.05562339099235748,0.017717335629225332,0.011454495377686504,0.006929219792609062,20.712727803612037,19.0,1.0901435686111598,False,False
9,23,(Q2_y_Bin_9)-(z_pT_Bin_23),17030.053361731698,125.49617823156586,-0.049641671950248156,0.010616976924552282,-0.021498513053691645,0.015340145218210819,38.44364992713468,19.0,2.023349996164983,False,False
9,24,(Q2_y_Bin_9)-(z_pT_Bin_24),17945.942930519082,123.8706362669509,-0.08915324675077445,0.010364206564307622,-0.030369080253072396,0.009766112831088625,24.12480089031763,21.0,1.1488000423960776,False,False
9,25,(Q2_y_Bin_9)-(z_pT_Bin_25),15785.308508953842,103.67828529298822,-0.1258156750300525,0.009236324510793585,-0.028647621462989308,0.008728698298783368,27.55521857542248,21.0,1.3121532654963086,False,False
9,26,(Q2_y_Bin_9)-(z_pT_Bin_26),15447.895485712304,96.26329959097438,-0.18609492821670243,0.008811313253006992,0.012975831315274024,0.00965526135941388,35.083432010764604,21.0,1.6706396195602191,False,False
9,29,(Q2_y_Bin_9)-(z_pT_Bin_29),31250.153343827093,325.09559256863395,0.04108929259667224,0.014725669732753415,0.021505772216673016,0.015857423243177453,20.05532457679847,18.0,1.114184698711026,False,False
9,30,(Q2_y_Bin_9)-(z_pT_Bin_30),24771.900097104368,168.94629067576534,-0.0414250504035388,0.0032942921206555696,-0.02153783554022677,0.008750894094523653,33.099786971868454,21.0,1.576180331993736,False,False
9,31,(Q2_y_Bin_9)-(z_pT_Bin_31),25020.839112154106,149.92624514129602,-0.09263745076317714,0.00843015983331001,-0.03865589099889233,0.008363526651262892,18.619153307014937,21.0,0.8866263479530923,False,False
9,32,(Q2_y_Bin_9)-(z_pT_Bin_32),20899.759490732973,128.56563361286499,-0.12937880208481956,0.00866867141478813,-0.004188692588704518,0.0029921797889025476,23.23619782704032,21.0,1.1064856108114438,False,False
10,1,(Q2_y_Bin_10)-(z_pT_Bin_1),12504.809360489491,142.66292862040245,-0.02168824281002951,0.016238129761788532,0.016366119393750354,0.01195433794117669,22.287653618971046,21.0,1.0613168389986212,False,False
10,2,(Q2_y_Bin_10)-(z_pT_Bin_2),13511.788421167807,143.37895892183315,-0.10678474412702627,0.01567206477574272,0.00878650001915406,0.005048322662403761,25.386922818998602,21.0,1.208901086618981,False,False
10,3,(Q2_y_Bin_10)-(z_pT_Bin_3),13787.786021279424,144.42512317307774,-0.13254383067195025,0.019792173533801187,0.014140316833975687,0.024460468060087087,18.00546938209398,21.0,0.8574033039092372,False,False
10,4,(Q2_y_Bin_10)-(z_pT_Bin_4),15432.305648343445,206.1505179468204,-0.17616482060741867,0.022616269908888834,0.008595508909241668,0.006400018251352455,8.943230142819445,19.0,0.4706963233062866,False,False
10,5,(Q2_y_Bin_10)-(z_pT_Bin_5),17822.724300835263,231.2515556026774,-0.24192925005872049,0.021925234998724646,-0.004915642431697571,0.003644547629623782,35.261307415871094,17.0,2.0741945538747704,False,False
10,6,(Q2_y_Bin_10)-(z_pT_Bin_6),7203.48267391956,115.91423747082581,-0.41678628316561817,0.022418496142440347,0.0236319437272582,0.016738045896166835,17.92829289415665,21.0,0.8537282330550786,False,False
10,7,(Q2_y_Bin_10)-(z_pT_Bin_7),12116.567935495097,124.50336182540559,0.01896005234754226,0.01421934929539963,-0.02092651530630226,0.015603948407822034,32.2117168670079,21.0,1.5338912793813286,False,False
10,8,(Q2_y_Bin_10)-(z_pT_Bin_8),12614.55031526644,125.81922068813128,-0.02677971676759431,0.019564419953163367,-0.036124461734876365,0.01322321689123027,39.08143701700074,21.0,1.8610208103333685,False,False
10,9,(Q2_y_Bin_10)-(z_pT_Bin_9),12800.759802454537,153.31980037456833,-0.09658861806690773,0.01947301036866792,-0.018594656308481273,0.013771436222587138,29.771865445386847,19.0,1.5669402865993078,False,False
10,10,(Q2_y_Bin_10)-(z_pT_Bin_10),14010.935694075944,129.10392459930335,-0.05028216141187149,0.01352047151124577,0.039402335941941154,0.012347800810669933,34.70337657629796,18.0,1.9279653653498867,False,False
10,11,(Q2_y_Bin_10)-(z_pT_Bin_11),14126.455214772483,130.80547847702746,-0.193932000295119,0.015142206793794757,0.016102155403846963,0.012009514118071187,20.612384103508745,19.0,1.0848623212373023,False,False
10,12,(Q2_y_Bin_10)-(z_pT_Bin_12),11115.71178622495,99.3446285398013,-0.36506905443755383,0.012946185890363199,0.07006258797279172,0.012595146286305203,20.3528615378696,21.0,0.9691838827556952,False,False
10,13,(Q2_y_Bin_10)-(z_pT_Bin_13),17686.467303082565,150.12163854110258,0.03068239062005359,0.011233332175666008,-0.0011412440304053625,0.0007965850687026343,18.438858531002243,21.0,0.8780408824286783,False,False
10,14,(Q2_y_Bin_10)-(z_pT_Bin_14),18439.260738186145,164.4265821555855,-0.01733400320029301,0.012986161149368677,-0.00845482626327613,0.004427952652884947,19.521066589487734,20.0,0.9760533294743867,False,False
10,15,(Q2_y_Bin_10)-(z_pT_Bin_15),18191.857866331375,145.8378505392866,-0.030648078928023962,0.019320864520592933,-0.01622055862975191,0.010971155666375541,26.694422654427164,18.0,1.483023480801509,False,False
10,16,(Q2_y_Bin_10)-(z_pT_Bin_16),18079.054992644924,150.5018460247229,-0.09002946356422922,0.013181987304997131,-0.006043809230578705,0.00434026273896835,15.145332479205985,19.0,0.7971227620634729,False,False
10,17,(Q2_y_Bin_10)-(z_pT_Bin_17),17430.16682209295,119.51825142592497,-0.1934576559033345,0.010244144762076454,-0.005739117074873678,0.0022992921220083883,22.291225441552204,21.0,1.0614869257882003,False,False
10,18,(Q2_y_Bin_10)-(z_pT_Bin_18),11200.866023579356,92.86278767931162,-0.3458487476504535,0.011745767375359345,0.09919625820104157,0.011261261062795555,24.345719566965847,21.0,1.159319979379326,False,False
10,19,(Q2_y_Bin_10)-(z_pT_Bin_19),20995.026581402082,166.42430487601632,0.027970622771553353,0.010587159426936074,-0.018775858949595298,0.013834965551303193,16.421089289693818,21.0,0.7819566328425628,False,False
10,20,(Q2_y_Bin_10)-(z_pT_Bin_20),22719.681890690525,206.31561411264738,-0.033977594532429455,0.013008419834673065,-0.021403811747994907,0.015656319995024565,20.975291062814428,19.0,1.103962687516549,False,False
10,21,(Q2_y_Bin_10)-(z_pT_Bin_21),22050.241952081065,171.85877811882892,-0.038028691685209545,0.011501194394569893,-0.002434616472891946,0.0013406926962177127,15.022022795088365,19.0,0.7906327786888613,False,False
10,22,(Q2_y_Bin_10)-(z_pT_Bin_22),20460.81851722403,135.32882153290666,-0.09531609662861784,0.009833158459600345,-0.03176586942188931,0.009481475817323178,24.693961340023343,21.0,1.1759029209534926,False,False
10,23,(Q2_y_Bin_10)-(z_pT_Bin_23),18231.407852377644,114.71308371140003,-0.18329288879443445,0.00888861165305177,-0.0033512697530500807,0.002311571141161179,18.68019801089306,21.0,0.8895332386139553,False,False
10,25,(Q2_y_Bin_10)-(z_pT_Bin_25),14788.788648039337,143.44372718190516,0.03981227734346232,0.013596200259832842,0.007216777324929027,0.004930873175341854,17.626764306434186,21.0,0.8393697288778184,False,False
10,26,(Q2_y_Bin_10)-(z_pT_Bin_26),15677.50139765422,164.03618548132908,-0.0420669565278569,0.015112674106453523,-0.015792042476908307,0.011666904940124857,18.936832338529115,19.0,0.9966753862383745,False,False
10,27,(Q2_y_Bin_10)-(z_pT_Bin_27),14816.264908661875,124.03220366212645,-0.07280968655498471,0.012643604199239277,-0.03630940506342573,0.01217736200727613,23.203589389661985,21.0,1.1049328280791422,False,False
10,28,(Q2_y_Bin_10)-(z_pT_Bin_28),13409.928303728413,101.25048661217625,-0.09912565647322762,0.010527667931099459,-0.03189989560792146,0.010236368319406247,18.799516111179013,21.0,0.8952150529132863,False,False
10,29,(Q2_y_Bin_10)-(z_pT_Bin_29),11146.115055770764,93.57760447610963,-0.18853299062682957,0.012055859153316376,0.0471839087185538,0.011012439481910108,32.13619484967787,21.0,1.5302949928418035,False,False
10,31,(Q2_y_Bin_10)-(z_pT_Bin_31),26234.318766165143,211.79259740147972,-0.007883562104939007,0.0032138981949561005,-0.014999925947685422,0.009625426878912977,32.57917324686634,21.0,1.5513892022317304,False,False
10,32,(Q2_y_Bin_10)-(z_pT_Bin_32),28005.464815648105,214.83878038525654,-0.05415549985844109,0.011752984195978367,-0.03325006301741019,0.010775983606780523,26.62425197194538,19.0,1.4012764195760727,False,False
10,33,(Q2_y_Bin_10)-(z_pT_Bin_33),25032.24402818523,159.39042091513875,-0.09624738920644797,0.009197221394349468,-0.03301062747502209,0.009062213398154951,46.09887371091975,21.0,2.19518446242475,False,False
10,34,(Q2_y_Bin_10)-(z_pT_Bin_34),21438.494726194134,136.34312325611245,-0.09731566304317846,0.008979890609895923,-0.011502064853810782,0.008631929239891914,33.65319122565012,21.0,1.6025329155071486,False,False
11,1,(Q2_y_Bin_11)-(z_pT_Bin_1),10059.726691789829,149.52367585575212,-0.009556412714300093,0.006998734811133797,0.012028404367166278,0.007003123794993366,22.355908658394704,21.0,1.0645670789711763,False,False
11,2,(Q2_y_Bin_11)-(z_pT_Bin_2),9339.767828970262,134.99681710868754,-0.07309487469859659,0.019434101321592873,-0.006500436408195788,0.0032776707067391476,14.15806366374721,21.0,0.6741935077974862,False,False
11,3,(Q2_y_Bin_11)-(z_pT_Bin_3),6586.646860241347,102.02014817714189,-0.10976511830931847,0.022049934273471426,0.0292590682477438,0.02193487220984528,7.830884927978607,21.0,0.3728992822846956,False,False
11,4,(Q2_y_Bin_11)-(z_pT_Bin_4),1586.037381179572,36.916891341492146,-0.19818726246303578,0.035477955339520986,0.051745714594697866,0.03842993756685775,7.483697585799862,20.0,0.3741848792899931,False,False
11,6,(Q2_y_Bin_11)-(z_pT_Bin_6),18090.51360803777,158.42068926471984,0.017976090512346766,0.013393923745012786,0.0014488203970657383,0.0010874806217928377,18.38094450276242,21.0,0.8752830715601153,False,False
11,7,(Q2_y_Bin_11)-(z_pT_Bin_7),20608.386513550413,145.70981055793527,-0.03436350717793494,0.009720194373939726,-0.0058831507708068985,0.003390267410912518,8.496264504749037,21.0,0.40458402403566845,False,False
11,8,(Q2_y_Bin_11)-(z_pT_Bin_8),23013.26690840819,161.58740844768363,-0.07453851291752454,0.010482595122782067,-0.009950562731113246,0.007198607378213391,35.617540167619836,21.0,1.6960733413152302,False,False
11,9,(Q2_y_Bin_11)-(z_pT_Bin_9),28185.979356752516,210.47524728739518,-0.12197739227420121,0.011900986831992803,-0.013907218977922345,0.010424219346812081,23.10621472472943,19.0,1.2161165644594436,False,False
11,10,(Q2_y_Bin_11)-(z_pT_Bin_10),24062.5242225338,219.93268089380763,-0.25398174039814864,0.013830485708531445,0.004202501255226386,0.0025082255843914426,16.354015965348093,21.0,0.7787626650165759,False,False
11,11,(Q2_y_Bin_11)-(z_pT_Bin_11),17724.725969639607,145.8017911009374,0.004254002531387949,0.002756114404372151,0.009324659155935033,0.006001895314307457,14.411445007467602,21.0,0.6862592860698858,False,False
11,12,(Q2_y_Bin_11)-(z_pT_Bin_12),20735.86980620226,138.27477335826006,-0.02380417256152584,0.0088205728800261,-0.013978785087568344,0.0104307304409843,19.25994765604303,21.0,0.9171403645734776,False,False
11,13,(Q2_y_Bin_11)-(z_pT_Bin_13),22919.201121910915,178.05765260030785,-0.05989444637421368,0.011989904014578761,-0.03743399128421402,0.010636903707004932,22.234955058087266,20.0,1.1117477529043633,False,False
11,14,(Q2_y_Bin_11)-(z_pT_Bin_14),25844.040356587248,167.804286145074,-0.10706525205855001,0.0098813934587356,-0.06554689911261886,0.00991810372118843,28.95934637651927,20.0,1.4479673188259636,False,False
11,15,(Q2_y_Bin_11)-(z_pT_Bin_15),19059.75376418034,140.698366287701,-0.18714493464128057,0.010675187479708234,0.003797887867547392,0.0024228208137313722,27.09004063234338,21.0,1.2900019348734943,False,False
11,16,(Q2_y_Bin_11)-(z_pT_Bin_16),19157.208026097815,148.58806577625728,0.01591724320694834,0.011900136871660314,-0.010669249607271761,0.00761361405888223,18.4332224700056,21.0,0.8777724985716953,False,False
11,17,(Q2_y_Bin_11)-(z_pT_Bin_17),22278.56590120436,153.97813983719607,-0.026911531800347162,0.009508289509443043,-0.020052574073864977,0.014289987387643786,39.80200110941133,21.0,1.8953333861624442,False,False
11,18,(Q2_y_Bin_11)-(z_pT_Bin_18),24559.03694974326,181.43362897637417,-0.02779408899360992,0.010211582944196966,-0.04883209682820422,0.010544037784336293,13.9426364330618,19.0,0.7338229701611474,False,False
11,19,(Q2_y_Bin_11)-(z_pT_Bin_19),25952.068589706498,157.09572864305846,-0.07107064479020579,0.008823275549129119,-0.03101396843167285,0.008791217706466292,37.32046978000791,21.0,1.7771652276194243,False,False
11,20,(Q2_y_Bin_11)-(z_pT_Bin_20),17519.104773495692,161.00673907660712,-0.19724386385213757,0.013066072170311666,0.0449999999737342,0.0025219611287850413,41.920925971592546,21.0,1.9962345700758355,False,False
11,21,(Q2_y_Bin_11)-(z_pT_Bin_21),27881.855338709734,218.69724046832016,0.002319296786504585,0.0015057469715041235,-0.03230941845931213,0.010665758604639954,34.40771716209252,21.0,1.6384627220044057,False,False
11,22,(Q2_y_Bin_11)-(z_pT_Bin_22),32858.449550892976,279.62261721017967,-0.02172510628145725,0.015996123751111396,-0.01789420850519205,0.013303409750831512,33.64019761698315,19.0,1.7705367166833237,False,False
11,23,(Q2_y_Bin_11)-(z_pT_Bin_23),34283.13624712865,227.25788659722457,-0.03717034418363811,0.009457210897553824,-0.05209009149201832,0.01022191876919993,29.742866574467214,21.0,1.416326979736534,False,False
11,24,(Q2_y_Bin_11)-(z_pT_Bin_24),34788.735904718975,226.59454034189548,-0.13114950444993165,0.009620063784722271,0.02613235499189076,0.015638616959963665,42.85487352304456,21.0,2.040708263002122,False,False
12,6,(Q2_y_Bin_12)-(z_pT_Bin_6),6238.4949323974815,111.91245656866931,0.017647813757791724,0.010003266869554156,0.024681777548133485,0.017850654777561425,17.558666672287295,21.0,0.8361269843946331,False,False
12,7,(Q2_y_Bin_12)-(z_pT_Bin_7),2556.1411509279856,50.49421511927699,-0.0269779017730333,0.0192881007683657,-0.007875807497724568,0.005586749890360225,18.53692511401084,21.0,0.882710719714802,False,False
12,8,(Q2_y_Bin_12)-(z_pT_Bin_8),410.62138393744215,12.964543887398293,-0.07082444750559111,0.05228022680881802,-0.05354577801455136,0.040049538262171475,17.285429488779343,21.0,0.8231156899418735,False,False
12,9,(Q2_y_Bin_12)-(z_pT_Bin_9),nan,0.0,1.0,0.0,1.0,0.0,0.0,21.0,0.0,True,False
12,10,(Q2_y_Bin_12)-(z_pT_Bin_10),nan,0.0,1.0,0.0,1.0,0.0,0.0,21.0,0.0,True,False
12,11,(Q2_y_Bin_12)-(z_pT_Bin_11),14675.139783323904,179.54700522523672,0.010619493445108324,0.005804434704123936,-0.0040164665922897535,0.0027386583129204722,13.762826455076006,21.0,0.6553726883369526,False,False
12,12,(Q2_y_Bin_12)-(z_pT_Bin_12),12669.978477693341,154.10046905331728,-0.02397391698867223,0.01796319123608604,0.01068349613206726,0.00578652606247851,16.888285614319468,21.0,0.8042040768723556,False,False
12,13,(Q2_y_Bin_12)-(z_pT_Bin_13),10568.15758955789,141.09157712058095,-0.0570250710223081,0.017826825396801728,-0.04015764025942555,0.016465196343365632,11.990008012751582,21.0,0.5709527625119801,False,False
12,14,(Q2_y_Bin_12)-(z_pT_Bin_14),4437.634603700929,83.2942130845131,-0.06227418700025178,0.0247921418868588,-0.08903197877812967,0.02649218244999415,10.608073859817646,21.0,0.5051463742770308,False,False
12,15,(Q2_y_Bin_12)-(z_pT_Bin_15),nan,0.0,-0.16,0.0,-0.14,0.0,0.0,21.0,0.0,True,False
12,16,(Q2_y_Bin_12)-(z_pT_Bin_16),13502.147600533921,149.38163744843496,0.0062441032519569934,0.00450671411092632,-0.012766634602373537,0.008263886771543914,13.429855509974763,21.0,0.6395169290464173,False,False
12,17,(Q2_y_Bin_12)-(z_pT_Bin_17),12252.024119651984,131.22618798177427,-0.012133263824720082,0.007667295609479606,-0.04197842307802977,0.014316623403364415,23.908295604398266,21.0,1.1384902668761079,False,False
12,18,(Q2_y_Bin_12)-(z_pT_Bin_18),13762.101216525469,164.37761429622424,-0.01054924672721144,0.0058067436723987665,-0.07611610052118445,0.017148773419427138,16.102441241677948,21.0,0.7667829162703784,False,False
12,19,(Q2_y_Bin_12)-(z_pT_Bin_19),10013.435699018364,168.80110371510546,-0.052978101877574485,0.021896184081806727,-0.07327740191318584,0.02366090177920879,13.442692981353488,19.0,0.7075101569133415,False,False
12,20,(Q2_y_Bin_12)-(z_pT_Bin_20),226.49722170150022,9.280331180655438,-0.22905482549714856,0.056521734640322244,-0.0500000013717609,0.013449184842914852,18.934042285697995,21.0,0.901621061223714,False,False
12,21,(Q2_y_Bin_12)-(z_pT_Bin_21),25079.462288801053,239.98473783020563,0.017809734716362137,0.01335819289295612,-0.016247594841836997,0.012123562425682743,26.39009655621469,21.0,1.256671264581652,False,False
12,22,(Q2_y_Bin_12)-(z_pT_Bin_22),22785.676538706604,203.63190276116256,0.020144554074058085,0.014938876737003679,-0.03423187565325302,0.011917372494581493,26.66131218384612,21.0,1.269586294468863,False,False
12,23,(Q2_y_Bin_12)-(z_pT_Bin_23),26587.81310422952,297.3862256491029,0.03067589206271895,0.02222226347142631,-0.014426205922853982,0.010046642334286843,17.05638091761833,21.0,0.8122086151246825,False,False
12,24,(Q2_y_Bin_12)-(z_pT_Bin_24),25499.90249304546,353.4573035409212,-0.07628050954557503,0.020003794426008435,-0.024807725069662133,0.018495675551636143,33.46320837329984,19.0,1.7612214933315706,False,False
13,1,(Q2_y_Bin_13)-(z_pT_Bin_1),12686.206395718451,144.6360607603783,-0.0483567273027679,0.01519034701052838,0.0012387366888871123,0.0007869205344126324,27.368236984392578,21.0,1.3032493802091705,False,False
13,2,(Q2_y_Bin_13)-(z_pT_Bin_2),15986.330835146246,175.63876083243213,-0.09667962335757202,0.017513435699667262,-0.003638851584493335,0.002402306121628508,16.407582261283363,21.0,0.7813134410134934,False,False
13,3,(Q2_y_Bin_13)-(z_pT_Bin_3),14573.663583096391,161.10087690446562,-0.12385381393810847,0.017912065047349088,-0.000707952623188304,0.00046194209710272464,12.051651317666614,18.0,0.6695361843148119,False,False
13,4,(Q2_y_Bin_13)-(z_pT_Bin_4),18304.954991032937,188.8089338437003,-0.19433358979804433,0.017589610685082357,-0.025401952342842506,0.01637610605928267,12.045762498158393,17.0,0.7085742645975525,False,False
13,5,(Q2_y_Bin_13)-(z_pT_Bin_5),22677.79869581789,260.7561731497117,-0.3096631397217781,0.018360863637641195,0.009441114448229891,0.0061071808064443135,7.158326939541812,21.0,0.34087271140675296,False,False
13,6,(Q2_y_Bin_13)-(z_pT_Bin_6),15312.623796896143,140.94912492693038,-0.02005494488659149,0.014951960716294867,-0.012386409214240517,0.008822589698928025,25.073789146148723,21.0,1.1939899593404153,False,False
13,7,(Q2_y_Bin_13)-(z_pT_Bin_7),17834.98533560548,168.57633012454244,-0.08745986364022842,0.015456253781953193,-0.04046098488823469,0.012559581688149806,10.750318564794805,20.0,0.5375159282397403,False,False
13,8,(Q2_y_Bin_13)-(z_pT_Bin_8),15340.058565756812,178.26101755983018,-0.11254977256596262,0.019750654724437183,-0.03702112921161492,0.014269714294340196,16.25732051518709,17.0,0.9563129714815934,False,False
13,9,(Q2_y_Bin_13)-(z_pT_Bin_9),17310.26001475125,149.0595490406904,-0.12638914638494245,0.014301737561097039,-0.0162246453612592,0.01216546997288909,20.650846757991335,19.0,1.0868866714732281,False,False
13,10,(Q2_y_Bin_13)-(z_pT_Bin_10),15399.238839252048,117.7825268468614,-0.28255839857943804,0.011161939863288561,0.050143619134929186,0.010621510937907377,26.06038113257585,21.0,1.2409705301226595,False,False
13,11,(Q2_y_Bin_13)-(z_pT_Bin_11),14478.578488593146,134.36643361781262,2.1973857909208e-05,1.604404626056765e-05,-0.007175451646052701,0.004622640711668282,11.997651000784256,21.0,0.5713167143230597,False,False
13,12,(Q2_y_Bin_13)-(z_pT_Bin_12),17065.410413538015,187.0016728272676,-0.04051139943714115,0.0159641755954687,-0.01632744046638919,0.012133197793947635,14.99780129246656,17.0,0.8822236054392094,False,False
13,13,(Q2_y_Bin_13)-(z_pT_Bin_13),14193.771704486073,106.42760087981787,-0.04538451008282394,0.01954051743972838,-0.018851376652634103,0.006286298684820866,25.143146834505945,18.0,1.396841490805886,False,False
13,14,(Q2_y_Bin_13)-(z_pT_Bin_14),15001.067603715668,105.01157951389723,-0.11292054362755652,0.010740588778722977,-0.015255854056571939,0.011392496396273117,20.040482175693487,21.0,0.9543086750330232,False,False
13,15,(Q2_y_Bin_13)-(z_pT_Bin_15),10802.96877063077,85.44802512170281,-0.2819237066052427,0.011279647244713337,0.08703613602412905,0.010780758420536232,16.197425700697927,21.0,0.7713059857475203,False,False
13,16,(Q2_y_Bin_13)-(z_pT_Bin_16),17770.309655317924,160.46881187510007,0.011933383429588476,0.007993254519411755,-0.012933644834874327,0.009404068025167436,21.635317279986552,21.0,1.0302532038088834,False,False
13,17,(Q2_y_Bin_13)-(z_pT_Bin_17),21270.23425248614,195.66873179230606,-0.0008448288867129488,0.0005801349183475633,-0.005494283996637928,0.0041042167208239465,9.929436880935816,17.0,0.5840845224079891,False,False
13,18,(Q2_y_Bin_13)-(z_pT_Bin_18),17285.29534315661,122.29967534601928,-0.07061872108018437,0.01100896163889525,-0.02012152638637582,0.014560423489753711,16.882763676223703,21.0,0.803941127439224,False,False
13,19,(Q2_y_Bin_13)-(z_pT_Bin_19),17415.250823282608,101.80401686155892,-0.1398616796177436,0.00840209083138195,0.015260884511579753,0.011036800560876858,28.2116745556703,21.0,1.343413074079538,False,False
13,21,(Q2_y_Bin_13)-(z_pT_Bin_21),20294.66749919124,189.9655945549748,0.007027315448272986,0.005120286511146365,-0.014678041682029864,0.010900797601324912,33.35673402251363,21.0,1.5884159058339822,False,False
13,22,(Q2_y_Bin_13)-(z_pT_Bin_22),24523.89898148945,170.653581488692,-0.039995415240749746,0.010613290804910204,-0.019562410169546053,0.014072972420831501,24.68768557982208,19.0,1.2993518726222149,False,False
13,23,(Q2_y_Bin_13)-(z_pT_Bin_23),19432.023859624915,113.29992367575142,-0.08731288744346462,0.008432271004253263,-0.018213933947814724,0.007354812105810031,25.1196509108983,21.0,1.196173852899919,False,False
13,24,(Q2_y_Bin_13)-(z_pT_Bin_24),17343.066280167714,98.56067152878495,-0.14585799905109084,0.008031178042951365,0.005314480543872792,0.0027976458592120714,23.50318821813043,21.0,1.1191994389585918,False,False
13,26,(Q2_y_Bin_13)-(z_pT_Bin_26),29979.063997024514,294.82376023278084,0.03108085334572161,0.02216520938158614,0.019390658116492515,0.014429256549690739,31.980770127544723,21.0,1.5228938155973677,False,False
13,27,(Q2_y_Bin_13)-(z_pT_Bin_27),34749.72049823264,198.06535124884977,-0.05774267929240397,0.008617481019860491,-0.028401342933518516,0.008201346800202014,12.023446871195148,21.0,0.5725450891045308,False,False
13,28,(Q2_y_Bin_13)-(z_pT_Bin_28),25452.692523133588,138.09107686344032,-0.10656637284248498,0.007656515929239813,-0.02080365976928281,0.0070594366759986,17.309019121127836,21.0,0.8242390057679921,False,False
14,1,(Q2_y_Bin_14)-(z_pT_Bin_1),10142.339934127498,123.59896241094702,-0.05780341789613406,0.016340363603304514,0.029552250551804486,0.02156080399276961,16.147367428453144,21.0,0.7689222584977687,False,False
14,2,(Q2_y_Bin_14)-(z_pT_Bin_2),10722.592848415876,126.4513889189302,-0.05151646451292924,0.015757877161041347,0.010402307356407644,0.005331830548003986,14.40694540960404,21.0,0.6860450195049543,False,False
14,3,(Q2_y_Bin_14)-(z_pT_Bin_3),10691.952784021107,134.72912585325776,-0.11804320492445033,0.018523922157595026,-0.0021843720993420367,0.0016011741190852832,14.7715403068338,21.0,0.7034066812777999,False,False
14,4,(Q2_y_Bin_14)-(z_pT_Bin_4),10056.26974575633,150.3894153519159,-0.14300171400298792,0.023476629810029008,0.010511445930299453,0.007626704244671777,8.272825055267514,20.0,0.4136412527633757,False,False
14,5,(Q2_y_Bin_14)-(z_pT_Bin_5),5483.400524136868,92.98007014567338,-0.2301975507201602,0.026083495361118952,0.01706669470757291,0.009091305360905686,9.7079023502611,19.0,0.5109422289611105,False,False
14,7,(Q2_y_Bin_14)-(z_pT_Bin_7),11740.472536993868,107.72397211190855,0.013067791821684192,0.009494004203338794,-0.002323132009497071,0.0017249542144803422,16.1851548510504,21.0,0.7707216595738285,False,False
14,8,(Q2_y_Bin_14)-(z_pT_Bin_8),12334.262728367567,102.69634118554768,-0.044549079750604605,0.011717606191364721,-0.025316052992626556,0.01030590498926344,38.47777900067136,21.0,1.83227519050816,False,False
14,9,(Q2_y_Bin_14)-(z_pT_Bin_9),12132.754750399767,112.33052936266085,-0.10860796736922658,0.01450967740855981,-0.01806809392687431,0.013554921105821688,18.528815335405373,21.0,0.8823245397812082,False,False
14,10,(Q2_y_Bin_14)-(z_pT_Bin_10),12539.271190360301,127.28419455357835,-0.08671835384602467,0.016258884235938957,0.010203991167167498,0.005640706177879515,21.439348464564382,19.0,1.1283867612928622,False,False
14,11,(Q2_y_Bin_14)-(z_pT_Bin_11),13171.870893528363,120.31245348913762,-0.19259805637723726,0.014884787551252013,0.014646505423294019,0.010780495832752502,16.625412795214093,19.0,0.8750217260638996,False,False
14,12,(Q2_y_Bin_14)-(z_pT_Bin_12),9745.869462949053,113.07031563980217,-0.35657963939018517,0.016604371919524907,0.06907555693831137,0.01595997987207726,34.19543361434943,21.0,1.6283539816356873,False,False
14,13,(Q2_y_Bin_14)-(z_pT_Bin_13),13222.89678809234,111.59897192564858,0.012955824460004506,0.00956216367357815,-0.021705090754027333,0.015710490216406404,19.307169650678453,21.0,0.9193890309846883,False,False
14,14,(Q2_y_Bin_14)-(z_pT_Bin_14),14028.675372643209,110.28458349014545,-0.012495234952236011,0.009191025896458312,-0.039588625884757644,0.011014934427743909,10.159505355062365,21.0,0.483785969288684,False,False
14,15,(Q2_y_Bin_14)-(z_pT_Bin_15),13557.040771997012,128.57286997164465,-0.055385746842274625,0.014585868354477644,-0.030457202508259257,0.012074906793210308,5.3525331103816685,19.0,0.2817122689674562,False,False
14,16,(Q2_y_Bin_14)-(z_pT_Bin_16),13649.594226261563,121.61065242002951,-0.10492260791998638,0.01426620241160808,0.004377295041943148,0.0023906913156976333,22.020856663310763,19.0,1.1589924559637244,False,False
14,17,(Q2_y_Bin_14)-(z_pT_Bin_17),12855.173140046976,97.97377098562993,-0.18133257946984618,0.01155071518902534,-0.004540961905865122,0.0032977777397365147,41.320766163621826,21.0,1.9676555316010393,False,False
14,18,(Q2_y_Bin_14)-(z_pT_Bin_18),8087.3303256614045,84.16464545685994,-0.3366747576795472,0.014604740836465624,0.08858562457008128,0.01390321269921143,24.25464748324832,21.0,1.1549832134880151,False,False
14,19,(Q2_y_Bin_14)-(z_pT_Bin_19),13967.096771370516,113.5810275457361,0.0048076502898159006,0.0035454664275365684,-0.010301485584587097,0.007100640501128397,11.792187080203538,21.0,0.5615327181049304,False,False
14,20,(Q2_y_Bin_14)-(z_pT_Bin_20),15057.387743145027,114.91567659530483,-2.1233777826288553e-08,2.2186346666439096e-08,-0.00706263027938456,0.0035620430503189955,12.59343071308881,21.0,0.5996871768137529,False,False
14,21,(Q2_y_Bin_14)-(z_pT_Bin_21),14302.013379646307,131.2914341622627,-0.06126184185704425,0.01436191658194097,-0.0482593749896791,0.013179425549028963,14.124019509396364,19.0,0.7433694478629665,False,False
14,22,(Q2_y_Bin_14)-(z_pT_Bin_22),13835.131038412106,106.40743271285191,-0.09258357285975406,0.011754575566486715,-0.032513238932069616,0.010995909245429402,20.816384803787138,21.0,0.9912564192279589,False,False
14,23,(Q2_y_Bin_14)-(z_pT_Bin_23),12134.21466006454,87.19737968436402,-0.17053209914696296,0.010304966229582699,0.0017846030001525024,0.0012756433194651522,27.209389369317307,21.0,1.295685208062729,False,False
14,25,(Q2_y_Bin_14)-(z_pT_Bin_25),15483.737893182617,122.90847095994013,-0.0063218675075412826,0.004035862700949024,-0.02585291318793297,0.01017474781893922,20.21921911936011,21.0,0.9628199580647671,False,False
14,26,(Q2_y_Bin_14)-(z_pT_Bin_26),16539.366371782206,151.04942078319436,-0.0377423773306145,0.013338014061000162,-0.029672822567881275,0.011503824216818897,12.624279518127102,19.0,0.6644357641119527,False,False
14,27,(Q2_y_Bin_14)-(z_pT_Bin_27),15675.006965835417,122.10186070903637,-0.04352935921343164,0.011489014521232362,-0.01599188564216139,0.011973211592457065,14.31733544606344,19.0,0.7535439708454442,False,False
14,28,(Q2_y_Bin_14)-(z_pT_Bin_28),13976.148597601301,98.55744271432741,-0.09770652422053241,0.010208140640845742,-0.016764502017549796,0.012351886158038937,19.434597206709828,21.0,0.9254570098433251,False,False
14,29,(Q2_y_Bin_14)-(z_pT_Bin_29),11503.974959602274,91.6548586115714,-0.18303166539547835,0.011473700300237727,0.03459907498444615,0.010482666162229808,28.825385991273357,21.0,1.3726374281558742,False,False
14,31,(Q2_y_Bin_14)-(z_pT_Bin_31),21633.02052596991,171.50617291701747,0.0007641753225015351,0.000542110303826682,-0.0006298526218589973,0.0004106872667278859,43.00715010472678,21.0,2.0479595287965133,False,False
14,32,(Q2_y_Bin_14)-(z_pT_Bin_32),22962.358735322956,191.80287818501165,-0.04835392941850824,0.012701958650954921,-0.029076789311701472,0.010868835498884316,13.031075189531665,19.0,0.6858460626069297,False,False
14,33,(Q2_y_Bin_14)-(z_pT_Bin_33),20303.798399427928,140.88706917087802,-0.06672954709061223,0.010218624422263595,-0.026240116006948325,0.009534640152647334,25.45704562722007,21.0,1.2122402679628603,False,False
14,34,(Q2_y_Bin_14)-(z_pT_Bin_34),17495.278790221364,117.94474988768525,-0.13011386230046507,0.009665341799779577,0.014841277577653505,0.011005212258349373,30.76385587037381,21.0,1.464945517636848,False,False
15,1,(Q2_y_Bin_15)-(z_pT_Bin_1),1468.77231058786,31.871233554533546,-0.0337508189937455,0.02509857488940959,-0.039372782066901146,0.029621983400363944,10.740148991470596,21.0,0.5114356662605045,False,False
15,2,(Q2_y_Bin_15)-(z_pT_Bin_2),296.7461268708601,9.029643387399858,-0.06350465379615301,0.030001163680734643,0.07517918770865417,0.0539728878595995,12.624051605200759,21.0,0.6011453145333695,False,False
15,3,(Q2_y_Bin_15)-(z_pT_Bin_3),nan,0.0,-0.127,0.0,0.0,0.0,5.992310449541053e+307,21.0,,True,False
15,4,(Q2_y_Bin_15)-(z_pT_Bin_4),nan,0.0,-0.1,0.0,1.0,0.0,0.0,21.0,0.0,True,False
15,6,(Q2_y_Bin_15)-(z_pT_Bin_6),12082.754571220376,132.47712669702105,-0.0008011011206926387,0.0005493778253290915,0.008900555766559484,0.005223602544649242,12.062508659046516,21.0,0.5744051742403103,False,False
15,7,(Q2_y_Bin_15)-(z_pT_Bin_7),12238.172946530463,123.39140531793419,-0.03119750746782355,0.012517383686210644,-0.004636082192112271,0.0024333403762716306,19.08104609677115,21.0,0.9086212427033881,False,False
15,8,(Q2_y_Bin_15)-(z_pT_Bin_8),12481.496629364565,137.08917879391993,-0.07786227448608317,0.015574574282092295,-0.030732570280881468,0.021988426138379202,15.736011386491791,21.0,0.7493338755472282,False,False
15,9,(Q2_y_Bin_15)-(z_pT_Bin_9),7529.73636226318,110.89669015195113,-0.16089456255839515,0.02254751964469101,-0.04134583909657967,0.029913463950065583,17.734204563420047,19.0,0.9333791875484235,False,False
15,10,(Q2_y_Bin_15)-(z_pT_Bin_10),nan,0.0,1.0,0.0,1.0,0.0,0.0,21.0,0.0,True,False
15,11,(Q2_y_Bin_15)-(z_pT_Bin_11),17545.860882329252,150.9048602942712,0.0010899324789978007,0.000697737750852025,0.0038589920880909754,0.001999531726208802,17.132062097520844,21.0,0.8158124808343259,False,False
15,12,(Q2_y_Bin_15)-(z_pT_Bin_12),17636.706971232503,133.87903212458514,-0.01901457619919272,0.013859263590773203,-0.04330924461049825,0.010524167999210427,16.37791329288546,21.0,0.7799006329945457,False,False
15,13,(Q2_y_Bin_15)-(z_pT_Bin_13),19085.327417446733,166.14198014399335,-0.04673114657605729,0.01255955782089115,-0.038897861404033104,0.011975743576838954,18.127153539802308,21.0,0.8631977876096337,False,False
15,14,(Q2_y_Bin_15)-(z_pT_Bin_14),20085.970329573618,200.61212710646578,-0.09082524382046861,0.014867115293564832,-0.053658929932923725,0.014426834258666529,10.253806016991687,19.0,0.5396740008942993,False,False
15,15,(Q2_y_Bin_15)-(z_pT_Bin_15),569.4034681277468,13.224178562909287,-0.21022390361844176,0.0320700890276541,-0.025000008668568302,0.010063052172499799,12.896545876075187,21.0,0.6141212321940566,False,False
15,16,(Q2_y_Bin_15)-(z_pT_Bin_16),16991.461482819323,141.5154140909508,0.016351848098340296,0.012244891217575271,0.0007164958888267396,0.0005248286253066889,12.594496127040713,21.0,0.5997379108114625,False,False
15,17,(Q2_y_Bin_15)-(z_pT_Bin_17),16751.51046747521,126.6981591249023,-0.023800208862881988,0.009602862078758887,-0.030743534483465305,0.010143988662218795,26.207260167214592,21.0,1.2479647698673615,False,False
15,18,(Q2_y_Bin_15)-(z_pT_Bin_18),16972.67788102621,153.51692628937235,-0.060442808038758296,0.013587041095440514,-0.04516023958193443,0.012711382908094922,12.260213601955222,19.0,0.6452744001029064,False,False
15,19,(Q2_y_Bin_15)-(z_pT_Bin_19),17371.253676328528,163.13013035854237,-0.08279216414225049,0.013596642085848577,-0.038667132026649564,0.012933772627309544,17.998692739247872,21.0,0.8570806066308511,False,False
15,21,(Q2_y_Bin_15)-(z_pT_Bin_21),24528.557908417464,200.07790643595217,-0.015298171902918333,0.01144528534069717,-0.01597332283593322,0.011954586003269436,16.890766732697188,21.0,0.8043222253665328,False,False
15,22,(Q2_y_Bin_15)-(z_pT_Bin_22),23519.22792098247,201.75770875756461,0.005086544790864743,0.0036802356498424043,-0.023483053726873284,0.016870095235632664,20.375033255458995,21.0,0.9702396788313807,False,False
15,23,(Q2_y_Bin_15)-(z_pT_Bin_23),22774.513870653234,187.38580882070892,-0.06230886911438828,0.012009905377054188,-0.03793604735679559,0.011842797926578618,15.763664584367953,21.0,0.750650694493712,False,False
15,24,(Q2_y_Bin_15)-(z_pT_Bin_24),22626.034893112817,237.93594779928026,-0.17993105183060157,0.015237856138499276,0.019499982864693097,0.0021940154004339418,42.294268029307084,21.0,2.0140127633003373,False,False
16,1,(Q2_y_Bin_16)-(z_pT_Bin_1),7631.0692067275095,100.64737197558861,-0.03067551583834215,0.022558149804541038,0.00184620756934288,0.0013744369468723014,17.43357847022859,21.0,0.8301704033442185,False,False
16,2,(Q2_y_Bin_16)-(z_pT_Bin_2),7636.74824347667,97.53134716723889,-0.08046884718194577,0.018440526461622156,-0.0355469181637743,0.025483382448238605,20.87072408984287,21.0,0.9938440042782319,False,False
16,3,(Q2_y_Bin_16)-(z_pT_Bin_3),8578.623182046395,118.73042580045421,-0.09143465802742053,0.02146559160705757,-0.010056505676392961,0.007111803197755052,19.532173354589695,21.0,0.9301034930756997,False,False
16,4,(Q2_y_Bin_16)-(z_pT_Bin_4),7842.063848646234,133.6581215655774,-0.13806564171360064,0.02837266366493242,-0.014832258171634497,0.008376729176049424,18.72345199217463,19.0,0.9854448416934016,False,False
16,5,(Q2_y_Bin_16)-(z_pT_Bin_5),7174.512024220209,125.08144108947818,-0.18336693689392752,0.029204078228868363,-0.034550811746996396,0.025909866589142544,8.239667130657073,17.0,0.48468630180335726,False,False
16,6,(Q2_y_Bin_16)-(z_pT_Bin_6),604.7480845491019,13.872786331775103,-0.34804464347506414,0.0331039504514023,0.007047743905567469,0.003533651289806062,10.633851297123027,21.0,0.5063738712915727,False,False
16,7,(Q2_y_Bin_16)-(z_pT_Bin_7),8848.139011958028,93.73120469812329,0.016963237969285068,0.012588962582972762,-0.03137260444877463,0.012896967239482464,10.772458073942174,21.0,0.5129741939972463,False,False
16,8,(Q2_y_Bin_16)-(z_pT_Bin_8),8778.904164990738,94.38546822165335,-0.04609208093571785,0.01553637513136168,-0.022948393299143218,0.017112644578782615,13.028036116079901,21.0,0.620382672194281,False,False
16,9,(Q2_y_Bin_16)-(z_pT_Bin_9),9284.35977452093,116.20477351884892,-0.06369003736201723,0.019397253329091705,-0.03666475296845074,0.01530660772547749,17.990642668428222,19.0,0.9468759299172749,False,False
16,10,(Q2_y_Bin_16)-(z_pT_Bin_10),8108.478023270786,94.31761280904448,-0.09855346868250175,0.01865123668326834,0.004200630652311221,0.003079248965624135,19.776347228480326,19.0,1.040860380446333,False,False
16,11,(Q2_y_Bin_16)-(z_pT_Bin_11),7441.674568589147,74.26022190911408,-0.15802393906471987,0.01565586729938441,0.008430592630960765,0.005215846618011929,14.317320889182211,21.0,0.6817771851991529,False,False
16,12,(Q2_y_Bin_16)-(z_pT_Bin_12),4195.86884080531,53.283898729803695,-0.31313936795785086,0.017961150186342423,0.05999993611093888,0.02507551841285256,16.38414250300753,21.0,0.7801972620479777,False,False
16,13,(Q2_y_Bin_16)-(z_pT_Bin_13),10753.884218219337,102.66083201415131,0.007688918693153474,0.004881264094100191,-0.0032305597845502664,0.002213566256286369,23.289627943385884,21.0,1.1090299020659944,False,False
16,14,(Q2_y_Bin_16)-(z_pT_Bin_14),10557.73172249705,120.45873916826258,0.0009257664469702504,0.0006079778781555799,-0.026447423095718212,0.019466802696323518,15.871851370364285,19.0,0.8353605984402255,False,False
16,15,(Q2_y_Bin_16)-(z_pT_Bin_15),11039.22887872209,110.39813862971641,-0.023091029551582855,0.017217384462690846,-0.0005345484859813646,0.0003792084863021896,14.269262290910987,19.0,0.7510138047847889,False,False
16,16,(Q2_y_Bin_16)-(z_pT_Bin_16),8629.083073682674,75.76147432189464,-0.11225603927006525,0.01320224666231589,-0.014972657555115964,0.008232855345856282,22.158327276271848,21.0,1.0551584417272308,False,False
16,17,(Q2_y_Bin_16)-(z_pT_Bin_17),6980.6398963014935,59.69968624208468,-0.16353460264369418,0.01236401533404198,0.04428246342447055,0.011487328938875843,17.146805664210763,21.0,0.8165145554386077,False,False
16,19,(Q2_y_Bin_16)-(z_pT_Bin_19),9327.4300948783,96.82660293845584,0.01994003811638289,0.014953994686481759,0.0046204996545093505,0.0026141690560418486,26.32746140851212,21.0,1.2536886385005772,False,False
16,20,(Q2_y_Bin_16)-(z_pT_Bin_20),9373.61495615063,104.20655967910352,0.01277702319051771,0.007544934232693028,0.009309339238045158,0.005106584819010347,12.473583554797015,19.0,0.6565043976208955,False,False
16,21,(Q2_y_Bin_16)-(z_pT_Bin_21),9080.61234535524,80.46026175477436,-0.06129494073080227,0.01328776058256071,0.0002753386402646514,0.00018341713213040493,13.265302227677427,21.0,0.6316810584608299,False,False
16,22,(Q2_y_Bin_16)-(z_pT_Bin_22),6611.091098038776,57.71972357290497,-0.12485184307615875,0.012571076488435647,0.021855735598422264,0.015930981382471256,20.431859964986234,21.0,0.9729457126183921,False,False
16,25,(Q2_y_Bin_16)-(z_pT_Bin_25),13546.715944862783,150.0233668936471,0.04468608181431282,0.015655293481606304,0.026099147847680762,0.019116472628637943,24.543753814999413,21.0,1.1687501816666388,False,False
16,26,(Q2_y_Bin_16)-(z_pT_Bin_26),12943.172912237633,121.71464691806887,-0.03086768405640761,0.012618659788953367,-0.017042831913269798,0.01280026603674456,12.98950479191783,21.0,0.6185478472341823,False,False
16,27,(Q2_y_Bin_16)-(z_pT_Bin_27),12030.092711905703,94.00663255164272,-0.07964571864064665,0.011239436347015061,0.012679941260873127,0.009416959350279475,17.929431661232726,21.0,0.8537824600587013,False,False
17,1,(Q2_y_Bin_17)-(z_pT_Bin_1),1474.662565123762,31.58647545985923,0.006168821043042798,0.003517623298868869,-0.030285427425149627,0.02204178979738349,7.174494059155017,21.0,0.341642574245477,False,False
17,2,(Q2_y_Bin_17)-(z_pT_Bin_2),916.261543188888,19.392198128639222,-0.04945894174343389,0.036263391163185936,-0.013218425367150103,0.009844067114029935,14.686919439923605,21.0,0.6993771161868383,False,False
17,3,(Q2_y_Bin_17)-(z_pT_Bin_3),431.5820320599642,10.178337545350985,-0.12195625392320102,0.031661352376121034,-0.03391116347708239,0.024807144745995092,11.44831444892218,21.0,0.5451578309010562,False,False
17,4,(Q2_y_Bin_17)-(z_pT_Bin_4),52.784378708979155,2.313140001779864,-0.12629406243198565,0.08977893333189163,-0.042274026401672514,0.021956031147817436,17.986307393934815,21.0,0.8564908282826103,False,False
17,5,(Q2_y_Bin_17)-(z_pT_Bin_5),nan,0.0,1.0,0.0,1.0,0.0,0.0,21.0,0.0,True,False
17,7,(Q2_y_Bin_17)-(z_pT_Bin_7),4865.0350055753315,67.9950945541691,0.0011275177549987091,0.0008173321279231734,0.02296370528939796,0.017145658046268882,14.757810245224029,21.0,0.7027528688201918,False,False
17,8,(Q2_y_Bin_17)-(z_pT_Bin_8),5360.9165348891465,65.98701477305895,-0.027552883837673414,0.020389187966881148,-0.015045992779564123,0.010236099219233574,16.9971881561825,21.0,0.8093899121991667,False,False
17,9,(Q2_y_Bin_17)-(z_pT_Bin_9),6168.078497482731,75.49608946158605,-0.05547896773351751,0.016848196908453236,-0.029354581282843427,0.02153975971182879,13.68694514523608,21.0,0.6517592926302895,False,False
17,10,(Q2_y_Bin_17)-(z_pT_Bin_10),5195.495971428092,78.27745617595747,-0.026421952695439264,0.019667521213152975,0.010639426641908103,0.007680422646466434,17.708403035204373,21.0,0.8432572873906844,False,False
17,11,(Q2_y_Bin_17)-(z_pT_Bin_11),3919.151209929876,66.56355558993005,-0.08721626210990821,0.02556722058460993,-0.0330996001544287,0.024819632248962088,7.367351272577494,19.0,0.3877553301356576,False,False
17,12,(Q2_y_Bin_17)-(z_pT_Bin_12),287.1791415917813,6.89800246039519,-0.23110647603860357,0.0354643195513394,0.004144337124065017,0.0030089582359543654,16.53685820748462,21.0,0.7874694384516486,False,False
17,13,(Q2_y_Bin_17)-(z_pT_Bin_13),4841.301557353995,62.88410109694223,0.037690410065618754,0.015758442256608822,0.006886280471821659,0.00476189894465834,26.80736283934785,21.0,1.2765410875879928,False,False
17,14,(Q2_y_Bin_17)-(z_pT_Bin_14),5511.583710366589,61.29010607639748,-0.007326039268390458,0.0054324953670076195,-0.01742923687668099,0.012882891130279007,20.367591619572245,21.0,0.9698853152177259,False,False
17,15,(Q2_y_Bin_17)-(z_pT_Bin_15),6235.309501527592,76.40391896717802,-0.012479192344470742,0.006565321098343265,-0.03214405683543726,0.02331891616617747,18.316642398782268,21.0,0.8722210666086794,False,False
17,16,(Q2_y_Bin_17)-(z_pT_Bin_16),5203.173076819703,76.0698614641633,-0.06831168346057377,0.021560136036795494,-0.03463956075628535,0.02558991206612557,16.511381628284983,19.0,0.8690200856992096,False,False
17,17,(Q2_y_Bin_17)-(z_pT_Bin_17),4709.069247093679,64.93233552139736,-0.09708576233269416,0.020470574545485863,-0.02004522868846257,0.01432403501068654,28.25938810488449,21.0,1.3456851478516423,False,False
17,18,(Q2_y_Bin_17)-(z_pT_Bin_18),891.342695485661,16.455927290214106,-0.16774268265493789,0.02651768409394445,0.05752708572371496,0.022964133539107152,14.804089952735072,21.0,0.7049566644159558,False,False
17,19,(Q2_y_Bin_17)-(z_pT_Bin_19),6097.760936694308,70.4446408844974,0.008636523887353713,0.005785403110433859,0.01945860125037439,0.014549823878438436,14.513187748382789,21.0,0.6911041784944185,False,False
17,20,(Q2_y_Bin_17)-(z_pT_Bin_20),6649.389153459134,70.985340985319,-0.004487097834981228,0.0031274348361261684,-0.007713095853051797,0.005439202130885059,11.070868268299801,21.0,0.5271842032523715,False,False
17,21,(Q2_y_Bin_17)-(z_pT_Bin_21),7264.318026078481,90.37958275396568,-0.05484915850945611,0.018184405541655665,0.001686534617202463,0.0010813921830475312,12.454055857425777,19.0,0.6554766240750409,False,False
17,22,(Q2_y_Bin_17)-(z_pT_Bin_22),5671.279139892848,68.51967772632679,-0.04386922509004928,0.016285886633499336,-0.03011597176663443,0.02217552581339267,14.409264414017306,21.0,0.6861554482865384,False,False
17,23,(Q2_y_Bin_17)-(z_pT_Bin_23),5038.966268692453,63.89413226944316,-0.1255468740320317,0.018197422142929527,-0.022163910248925604,0.016595858107134445,17.54934107109705,21.0,0.8356829081474786,False,False
17,25,(Q2_y_Bin_17)-(z_pT_Bin_25),7035.718275983556,81.58658353661804,-0.03299120182607953,0.023550062392293913,-0.002539301136848297,0.001629067346376335,11.693597252720611,21.0,0.5568379644152672,False,False
17,26,(Q2_y_Bin_17)-(z_pT_Bin_26),7803.463179734014,95.43928314618461,0.001983466409409702,0.0012081816122333621,0.014031763899962989,0.009094952965558505,14.702267858883538,21.0,0.7001079932801685,False,False
17,27,(Q2_y_Bin_17)-(z_pT_Bin_27),7701.369421937188,89.74361638158553,-0.04623494136395906,0.016211842452460545,-0.010631969245593472,0.005786208657147344,12.605230352941366,19.0,0.6634331764705982,False,False
17,28,(Q2_y_Bin_17)-(z_pT_Bin_28),5800.792626780859,70.16951855489651,-0.10466992217469448,0.01756237694092834,0.008841844984464754,0.006283213317140235,21.585302529043744,21.0,1.027871549002083,False,False
