bin,A,A_err,B,B_err,C,C_err,chi2,ndf,redchi2,nanA,empty
(Q2_y_Bin_12)-(z_pT_Bin_6),6403.998318729211,78.53410838458785,-0.014052142572175436,0.009484416059984836,0.0023999996388072366,0.0015921185953117127,25.038043735749053,21.0,1.192287796940431,False,False
(Q2_y_Bin_12)-(z_pT_Bin_7),5163.396458261401,60.82792049807904,-0.08008405917980863,0.01641735341451615,-0.007550024164117368,0.01507770664709098,22.078319418372867,21.0,1.0513485437320413,False,False
(Q2_y_Bin_12)-(z_pT_Bin_8),4726.209539134186,56.9771331002421,-0.15763904320079505,0.0167893211459664,-0.040079630461878436,0.015037974300556117,26.103927375955468,21.0,1.2430441607597842,False,False
(Q2_y_Bin_12)-(z_pT_Bin_9),3592.9961474252254,52.79522031921283,-0.1793202731414891,0.02276196697263036,-0.01815000386049824,0.0237162595525455,20.41654613793646,21.0,0.9722164827588791,False,False
(Q2_y_Bin_12)-(z_pT_Bin_10),1464.5872174339818,38.88163139109929,-0.2602666543748167,0.042326437449820994,-0.018150000052564355,0.026644245959836905,23.25773244794979,19.0,1.2240911814710416,False,False
(Q2_y_Bin_12)-(z_pT_Bin_11),10346.399480433989,96.08438715779539,-0.008408290695484537,0.007053522641197282,-0.016049993057542213,0.008849384551490544,25.176825586304727,21.0,1.1988964564907012,False,False
(Q2_y_Bin_12)-(z_pT_Bin_12),8676.802531342257,75.01826240238734,-0.03603387463358776,0.01184563642099326,-0.01415001310555326,0.003635900204464613,27.96591942317137,21.0,1.3317104487224463,False,False
(Q2_y_Bin_12)-(z_pT_Bin_13),8593.023354550562,74.93113976111363,-0.0797789565757215,0.012621714853950201,-0.03679549782460182,0.011859594058278838,27.265429659890106,21.0,1.2983537933281002,False,False
(Q2_y_Bin_12)-(z_pT_Bin_14),7444.774104484746,85.72357915469729,-0.10226758690262136,0.01772821990703729,-0.09053614804280398,0.015406592619232592,16.613338488884082,21.0,0.7911113566135277,False,False
(Q2_y_Bin_12)-(z_pT_Bin_15),4456.468023794096,52.31598318545639,-0.32834999985072144,0.0007243287136684262,-0.09839999964107111,0.000495131737108058,246.65413254014595,20.0,12.332706627007298,False,False
(Q2_y_Bin_12)-(z_pT_Bin_16),11099.515105964383,98.81367883988969,-0.013539907728532757,0.006668383003169179,-0.009429197978647259,0.005739082315553673,21.530165071809503,21.0,1.0252459558004525,False,False
(Q2_y_Bin_12)-(z_pT_Bin_17),9438.483098838047,78.96093184534129,-0.03443714566956563,0.011063381904290761,-0.031426816667793914,0.011229414651418962,30.968991594202347,21.0,1.474713885438207,False,False
(Q2_y_Bin_12)-(z_pT_Bin_18),9464.455127482095,84.93511091143864,-0.03827695624540319,0.012685839072547094,-0.07106489463868489,0.012900379569613946,20.836939435415644,21.0,0.9922352112102688,False,False
(Q2_y_Bin_12)-(z_pT_Bin_19),8474.928480872954,107.56724700144332,-0.08289489050254127,0.018842481636971962,-0.06813235241329996,0.01799047874392293,20.975098318032916,19.0,1.103952543054364,False,False
(Q2_y_Bin_12)-(z_pT_Bin_20),6032.311597808516,82.12041573294073,-0.1737669698480126,0.02038574658933212,-0.024500002837697984,0.03146271232978039,52.121711027137785,21.0,2.4819862393875134,False,False
(Q2_y_Bin_12)-(z_pT_Bin_21),22254.587308085065,176.56094873956135,-0.003250074092047001,0.004739750265642022,-0.013738574256974164,0.005815319971958698,32.75708229432068,21.0,1.5598610616343183,False,False
(Q2_y_Bin_12)-(z_pT_Bin_22),19557.286582741217,142.85920961980082,-0.007750012541313504,0.011254170137054374,-0.03672719027886837,0.010203406528151068,38.94968908466247,21.0,1.8547470992696413,False,False
(Q2_y_Bin_12)-(z_pT_Bin_23),20529.31620442219,160.13182395222975,-0.019900000097048457,0.006154480284535068,-0.025850001532485123,0.03222695590911932,24.17875414471503,21.0,1.15136924498643,False,False
(Q2_y_Bin_12)-(z_pT_Bin_24),17852.20618391842,154.12622015434135,-0.09346663658193631,0.014004279210082508,-0.02880005157451725,0.0413018969520072,64.72017826913367,19.0,3.406325172059667,False,False
(Q2_y_Bin_11)-(z_pT_Bin_1),7934.486489413555,79.93520742529199,-0.04115300432257839,0.012959763146727522,-0.0003500000023101636,0.0003721342123403099,38.227297396855946,21.0,1.8203474950883785,False,False
(Q2_y_Bin_11)-(z_pT_Bin_2),8612.3749138448,78.00986522296716,-0.09432045178357945,0.012659775154618323,0.004800010545046675,0.009197813264738475,24.76677854880605,21.0,1.1793704070860025,False,False
(Q2_y_Bin_11)-(z_pT_Bin_3),8653.192542318771,74.7644368424917,-0.13926498664203127,0.012722785228887826,0.023194650982378773,0.015524440355651922,23.72861729491758,21.0,1.1299341569008372,False,False
(Q2_y_Bin_11)-(z_pT_Bin_4),8078.025279513841,80.48094662973108,-0.24670738545529886,0.016378730293204843,0.018588814059507814,0.01393896969809929,21.732773856821115,20.0,1.0866386928410559,False,False
(Q2_y_Bin_11)-(z_pT_Bin_6),17168.295854616244,112.57117087196093,-0.008950001807591663,0.01120845409204478,0.002249999504070958,0.0007563798689514509,30.697431768897104,21.0,1.4617824651855764,False,False
(Q2_y_Bin_11)-(z_pT_Bin_7),19780.840583276848,106.63851648061973,-0.060231503136784256,0.007825484763931054,-0.006101325536979958,0.003932621317065822,16.95115502947341,21.0,0.8071978585463528,False,False
(Q2_y_Bin_11)-(z_pT_Bin_8),22146.004868083874,113.74358012225639,-0.10838444067642422,0.008062014245970209,-0.003950002160429894,0.007620521204400987,52.193037395288165,21.0,2.48538273310896,False,False
(Q2_y_Bin_11)-(z_pT_Bin_9),26520.29118879052,145.14313782781028,-0.17564807322491535,0.008938409819516546,-0.00803535712091382,0.005819863271565555,40.740646331361866,19.0,2.1442445437558875,False,False
(Q2_y_Bin_11)-(z_pT_Bin_10),18942.231148809766,102.27591679281977,-0.3027752643824833,0.008436539692436101,0.017452641199812373,0.007129377612814082,32.558696699218686,21.0,1.5504141285342232,False,False
(Q2_y_Bin_11)-(z_pT_Bin_11),16728.06665788833,104.13439394406305,-0.017290775885685703,0.01218816909710761,-0.0009000000761984963,0.0017997434140046014,21.60514948305208,21.0,1.028816642050099,False,False
(Q2_y_Bin_11)-(z_pT_Bin_12),19736.2483359533,102.53692574537308,-0.05425027128794149,0.007676776741934347,-0.01472639699787117,0.006674545064020052,29.61927311680764,21.0,1.41044157699084,False,False
(Q2_y_Bin_11)-(z_pT_Bin_13),22068.772104912805,140.15222160061967,-0.09370090714906656,0.010126351715497584,-0.02538951358423478,0.00845289359097499,29.930983475880126,20.0,1.4965491737940062,False,False
(Q2_y_Bin_11)-(z_pT_Bin_14),25031.540814202523,118.63672926301842,-0.15651513845761603,0.007496802717699577,-0.04184999941994181,0.0014978615399933518,35.76408459512196,20.0,1.7882042297560978,False,False
(Q2_y_Bin_11)-(z_pT_Bin_15),17989.48832691365,101.39025412512456,-0.2508744338397906,0.008097050586502952,0.02319340330199444,0.007556479653339758,35.77191575077431,21.0,1.7034245595606816,False,False
(Q2_y_Bin_11)-(z_pT_Bin_16),18099.456668694565,106.59203856385648,-0.010776413272385656,0.01217618308927925,-0.005717817927199753,0.0030339323179471122,23.479667768184306,21.0,1.118079417532586,False,False
(Q2_y_Bin_11)-(z_pT_Bin_17),21395.542976694593,118.51962655828174,-0.05433183001906935,0.008347429754224218,-0.01402308016040818,0.020282567057082375,43.64193211875626,21.0,2.078187243750298,False,False
(Q2_y_Bin_11)-(z_pT_Bin_18),23801.0922107446,143.6612339200965,-0.06811816780908996,0.009358268458006986,-0.04004875324403017,0.008432447702343727,19.802825855233195,19.0,1.0422539923806944,False,False
(Q2_y_Bin_11)-(z_pT_Bin_19),25270.048909468554,119.98650337290928,-0.13038361148722025,0.006990877186098567,-0.021391370725707532,0.006940820332215553,52.32161048397228,21.0,2.491505261141537,False,False
(Q2_y_Bin_11)-(z_pT_Bin_20),16601.35112844389,128.8645678090852,-0.25265639035005627,0.010538659707745007,0.05444999983889333,0.0015158137872198427,54.986646614387226,21.0,2.6184117435422487,False,False
(Q2_y_Bin_11)-(z_pT_Bin_21),26659.714034187207,160.28125739590905,-0.015722235020086194,0.01794834981193485,-0.008999992432014893,0.004585149257565913,45.796931848804114,21.0,2.1808062785144817,False,False
(Q2_y_Bin_11)-(z_pT_Bin_22),31984.05224727126,200.67113207504008,-0.0513171974247417,0.010258753689783275,-0.012251759884423017,0.012280083550691906,47.75042582063039,19.0,2.5131803063489677,False,False
(Q2_y_Bin_11)-(z_pT_Bin_23),33380.4021005944,183.18038283960414,-0.07514881279453044,0.008178061006412586,-0.048839935645954256,0.019291500950106233,33.7736144613594,21.0,1.6082673553028286,False,False
(Q2_y_Bin_11)-(z_pT_Bin_24),34071.37744907357,181.38389425566857,-0.16906090754573427,0.007781010682477343,-0.004750000004842072,0.0008857609712288731,69.0968196604583,21.0,3.2903247457361093,False,False
(Q2_y_Bin_16)-(z_pT_Bin_1),7930.548772809966,77.6060705302375,-0.055028377260635974,0.013620508846249681,-0.011200000439309627,0.014861389267493391,28.976473837569397,21.0,1.3798320875033045,False,False
(Q2_y_Bin_16)-(z_pT_Bin_2),7887.932878010638,73.70396035655494,-0.1038695847925845,0.014311742923614215,-0.029099878047968684,0.014926038272680167,31.30789777024756,21.0,1.4908522747736934,False,False
(Q2_y_Bin_16)-(z_pT_Bin_3),8690.255328818077,88.81265842282755,-0.12578475542916281,0.01675080317986516,-0.01374052178618475,0.011259369512191232,35.19217668922955,21.0,1.6758179375823594,False,False
(Q2_y_Bin_16)-(z_pT_Bin_4),7606.473530424918,94.82518365831675,-0.18193483000609487,0.021640416022993977,-0.010188117821897923,0.008469361890307937,31.68883597897012,19.0,1.6678334725773747,False,False
(Q2_y_Bin_16)-(z_pT_Bin_5),7324.382803172005,68.65764559231911,-0.22555940761681237,0.016249594501096934,-0.01109999038437892,0.006511183497176758,21.395451371747086,17.0,1.2585559630439462,False,False
(Q2_y_Bin_16)-(z_pT_Bin_6),4117.840263133412,45.30593882220046,-0.38354945196871076,0.01785924935344807,0.05921557516864838,0.015830443915555974,29.025396654401682,21.0,1.382161745447699,False,False
(Q2_y_Bin_16)-(z_pT_Bin_7),9041.858969163819,72.11117906020081,-0.0043500065285670105,0.007956144312641014,-0.02549999397500409,0.011061330716729916,25.16763127040761,21.0,1.198458631924172,False,False
(Q2_y_Bin_16)-(z_pT_Bin_8),9177.104652794842,79.38025112420837,-0.0622211591888153,0.0131599679504265,-0.028087706693649,0.010566441556396633,19.615550376246578,21.0,0.9340738274403132,False,False
(Q2_y_Bin_16)-(z_pT_Bin_9),9732.500055443033,78.68319660367615,-0.10060597804757987,0.013461477758912994,-0.030149888297994393,0.019699045824822646,24.777394248363223,19.0,1.3040733814928012,False,False
(Q2_y_Bin_16)-(z_pT_Bin_10),8501.015308267171,68.23191022179071,-0.15103486328148003,0.013457092447860822,-0.003150001494728204,0.004843125302545407,28.92618556086338,19.0,1.5224308189928095,False,False
(Q2_y_Bin_16)-(z_pT_Bin_11),7821.574752840568,58.09672857730902,-0.220890068026829,0.011899769394969895,0.014928498045401715,0.011195714585708477,24.971408179509513,21.0,1.1891146752147388,False,False
(Q2_y_Bin_16)-(z_pT_Bin_12),4209.675001266731,35.91775854155503,-0.3869398142861768,0.01239013257155075,0.10275451394877824,0.012147534619319826,30.760141531220405,21.0,1.4647686443438288,False,False
(Q2_y_Bin_16)-(z_pT_Bin_13),10927.531877599511,76.95649079040959,-0.008857492247730279,0.00612242910562408,-0.004981063752618203,0.0036185687480249874,42.33405012363482,21.0,2.0159071487445153,False,False
(Q2_y_Bin_16)-(z_pT_Bin_14),10933.012277777205,79.68442770981528,-0.03229936755523755,0.011144801499755233,-0.02684999265895162,0.017892837135665633,24.30332606996931,19.0,1.2791224247352269,False,False
(Q2_y_Bin_16)-(z_pT_Bin_15),11453.021114514368,76.55243485353913,-0.06998792147679363,0.010659626497006167,-0.004300000238738837,0.00654519084413583,23.29832263809002,19.0,1.2262275072678959,False,False
(Q2_y_Bin_16)-(z_pT_Bin_16),9122.36533011829,57.598106303060376,-0.15784434511402534,0.009880012299311541,0.0014500009170334298,0.0028748164188911987,42.10191186614532,21.0,2.00485294600692,False,False
(Q2_y_Bin_16)-(z_pT_Bin_17),7388.674828101362,46.96149589012066,-0.22651630871608572,0.009276703000221362,0.05117190385319577,0.009118398667665804,24.619305172346532,21.0,1.172347865349835,False,False
(Q2_y_Bin_16)-(z_pT_Bin_19),9522.393963228504,76.68371781508358,-0.0011335069813152895,0.000647399861580697,0.001394867594094952,0.0009828302476612015,41.76108809972005,21.0,1.9886232428438118,False,False
(Q2_y_Bin_16)-(z_pT_Bin_20),9687.066297085392,76.26755333437177,-0.02460675868110712,0.01079849422009169,-0.0017500028911411048,0.003010968200424691,20.350544018022863,19.0,1.0710812641064664,False,False
(Q2_y_Bin_16)-(z_pT_Bin_21),9518.294555778868,63.47407664640923,-0.09374992775964504,0.0103544223765979,-0.0010533199636073454,0.0007625067224616005,17.756303957565375,21.0,0.8455382836935893,False,False
(Q2_y_Bin_16)-(z_pT_Bin_22),6970.067988078755,47.75277129549477,-0.16900407101205636,0.009992921225221968,0.025593589632225616,0.009114693390659486,29.560601937134443,21.0,1.4076477112921164,False,False
(Q2_y_Bin_16)-(z_pT_Bin_25),13828.934798432587,102.7735701126785,0.0013499997627858021,0.0007233472796981453,0.015735823780986886,0.01164340314630491,34.28109453365934,21.0,1.6324330730313972,False,False
(Q2_y_Bin_16)-(z_pT_Bin_26),13651.439023798917,92.9739602134623,-0.04940958494726945,0.010202941734303621,0.0002500000702407966,0.0003119961532735696,22.576059292871236,21.0,1.075050442517678,False,False
(Q2_y_Bin_16)-(z_pT_Bin_27),12684.866131480876,74.2742979882405,-0.1157804747388926,0.008619105118403934,0.011610665135914274,0.008704774613234609,28.869719633270897,21.0,1.3747485539652808,False,False
(Q2_y_Bin_15)-(z_pT_Bin_1),5767.443353905384,66.75472341540353,-0.024351493502046587,0.020871838485036424,-0.011999991848805777,0.007664327694789115,21.57674718774652,21.0,1.0274641517974534,False,False
(Q2_y_Bin_15)-(z_pT_Bin_2),4761.098880473084,53.16150990885444,-0.11735446299123584,0.01543496181753521,0.0016499997332549915,0.0009570597089050681,28.3988764481095,21.0,1.3523274499099762,False,False
(Q2_y_Bin_15)-(z_pT_Bin_3),3847.922738985362,47.205453657961925,-0.15344653657209484,0.017989973642370302,-0.020399993662081683,0.011927380507876291,25.896830825157064,21.0,1.2331824202455746,False,False
(Q2_y_Bin_15)-(z_pT_Bin_4),2617.301654979729,40.47764858180085,-0.218792207688864,0.024853231552673313,-0.0020500022117656167,0.0031733701461611266,12.86737263941621,20.0,0.6433686319708105,False,False
(Q2_y_Bin_15)-(z_pT_Bin_6),10926.685593592236,86.21290036456321,-0.02208895489835077,0.01569631227080916,-0.000700000519529064,0.0013746129552254737,19.41059134293602,21.0,0.9243138734731438,False,False
(Q2_y_Bin_15)-(z_pT_Bin_7),10671.251207772313,73.38288834037394,-0.06307369073810606,0.009837444133944679,-0.008450001677802103,0.015808611111235816,30.337830897785743,21.0,1.4446586141802735,False,False
(Q2_y_Bin_15)-(z_pT_Bin_8),10521.987359460989,73.41577264573516,-0.12027498753795243,0.010374330470199714,-0.024861966838666778,0.00920900897571392,30.02628802933273,21.0,1.4298232394920347,False,False
(Q2_y_Bin_15)-(z_pT_Bin_9),9212.381249874321,77.61927024055421,-0.2292844048022875,0.013671257917106133,-0.03447471694629458,0.016036634218271874,32.67447743578033,19.0,1.7197093387252806,False,False
(Q2_y_Bin_15)-(z_pT_Bin_10),3867.014783205341,45.897259066603965,-0.31832218101144044,0.018360742848745976,-0.009850802828088482,0.006474167434173739,49.958386613017105,21.0,2.3789707910960525,False,False
(Q2_y_Bin_15)-(z_pT_Bin_11),17045.093001182515,100.59204854623385,-0.024776179187584613,0.011567379635229818,-0.0005500223380629348,0.0006619787187980699,29.597299532248048,21.0,1.4093952158213356,False,False
(Q2_y_Bin_15)-(z_pT_Bin_12),17147.155009698716,87.77751515202908,-0.04692363008754729,0.007417364685487059,-0.038537409706642385,0.007163934933030405,30.403497229582882,21.0,1.4477855823610897,False,False
(Q2_y_Bin_15)-(z_pT_Bin_13),17889.137056269752,103.21528909474182,-0.08707759402120277,0.008916987480231064,-0.043909205325996216,0.008320322615200302,34.53124930473528,21.0,1.6443452049873943,False,False
(Q2_y_Bin_15)-(z_pT_Bin_14),17025.83146302912,97.52677899157425,-0.13925458194981713,0.008876869197677523,-0.049295168154698664,0.008495726186114813,24.778440147915855,19.0,1.3041284288376767,False,False
(Q2_y_Bin_15)-(z_pT_Bin_15),7824.506372112939,65.35198644868797,-0.27449302404356796,0.01196893994325493,0.02998443222810353,0.011197530220992185,39.590724365080916,21.0,1.885272588813377,False,False
(Q2_y_Bin_15)-(z_pT_Bin_16),16641.10453521536,96.94325152876627,-0.01027812757244756,0.011368767426713638,-0.0013288260913677484,0.0007475763289400011,20.68854794518366,21.0,0.9851689497706505,False,False
(Q2_y_Bin_15)-(z_pT_Bin_17),16640.03670298037,90.88890679125689,-0.04617714712764756,0.008051557986944704,-0.02794025223460282,0.007607898280222562,32.50847731854133,21.0,1.5480227294543492,False,False
(Q2_y_Bin_15)-(z_pT_Bin_18),16538.476210863148,112.91806100993381,-0.0976661645374815,0.010668992723823316,-0.039097774263068936,0.009530016582925497,11.235081375615376,19.0,0.5913200724008093,False,False
(Q2_y_Bin_15)-(z_pT_Bin_19),15311.656730517949,96.01420291175964,-0.1372042157160342,0.009226898631505678,-0.030247769942298344,0.009097547613265342,44.15588625883253,21.0,2.1026612504205966,False,False
(Q2_y_Bin_15)-(z_pT_Bin_21),24258.761715231187,138.77159936312637,-0.034462968774572784,0.012972932665823278,-0.001499999983968631,0.0009975318388103422,38.3231919766157,21.0,1.8249139036483668,False,False
(Q2_y_Bin_15)-(z_pT_Bin_22),23681.95126010581,162.4283990694912,-0.025131372257167224,0.009565259085905614,-0.02412615062429446,0.008877129892666305,31.600926465690037,21.0,1.504806022175716,False,False
(Q2_y_Bin_15)-(z_pT_Bin_23),22628.30562614546,140.73711455964985,-0.09395058620636566,0.009303424778602964,-0.037233174411916495,0.009141499066964995,30.30253243216683,21.0,1.4429777348650872,False,False
(Q2_y_Bin_15)-(z_pT_Bin_24),20053.52708293466,150.86932963161053,-0.18479691569201148,0.011002327945391965,-0.0030000004177568517,0.0010987768718098384,86.06482718247356,21.0,4.098325103927313,False,False
(Q2_y_Bin_6)-(z_pT_Bin_1),20162.67675124411,136.20996514274702,-0.05196193505514268,0.009511029136029962,-0.0015501367925283998,0.002812725559528031,11.735449439339142,21.0,0.5588309256828163,False,False
(Q2_y_Bin_6)-(z_pT_Bin_2),19945.955920318585,138.89640434074317,-0.15759664868543974,0.011477813165798711,0.0067000245955250205,0.011066758330853698,60.08439275122577,21.0,2.8611615595821798,False,False
(Q2_y_Bin_6)-(z_pT_Bin_3),20289.534398338044,144.86096776578415,-0.16855661873583974,0.01238674863339359,0.022649973123992112,0.014008531166583665,21.562092956613263,18.0,1.1978940531451814,False,False
(Q2_y_Bin_6)-(z_pT_Bin_4),21431.778986579186,182.5084558184044,-0.19812223485916208,0.015009758142192978,0.0059877554749978084,0.006698823792284942,44.661443175746356,17.0,2.627143716220374,False,False
(Q2_y_Bin_6)-(z_pT_Bin_5),22912.09481822495,149.39071971528392,-0.2581510164213947,0.011416301042224561,0.013341230055632489,0.009988856996611917,57.207558176876994,18.0,3.1781976764931663,False,False
(Q2_y_Bin_6)-(z_pT_Bin_6),19616.50837775131,100.682047380511,-0.4392194184605992,0.008036227344166591,0.0684649522176339,0.0076261429572185985,84.34148027636476,21.0,4.016260965541179,False,False
(Q2_y_Bin_6)-(z_pT_Bin_7),18543.668212843513,119.7807019989541,-0.02010700445748755,0.014270863496767615,-0.00044999999414594224,0.0001732670989498813,14.823723431684344,21.0,0.7058915919849688,False,False
(Q2_y_Bin_6)-(z_pT_Bin_8),18356.45067515565,121.33097328825352,-0.047144627908233365,0.011021096392944147,-0.0021520368088151177,0.0031119887064976685,54.45089077063119,19.0,2.86583635634901,False,False
(Q2_y_Bin_6)-(z_pT_Bin_9),17792.272769727446,130.49384097268376,-0.10673446275011686,0.012364360021516321,-0.0012500071255037357,0.00246495925651074,49.75174029663118,17.0,2.9265729586253637,False,False
(Q2_y_Bin_6)-(z_pT_Bin_10),17985.814980826406,110.64563003492185,-0.15854652809205638,0.010074924029551,0.0026999996177184556,0.0017960986785861255,28.325155677127395,19.0,1.4907976672172314,False,False
(Q2_y_Bin_6)-(z_pT_Bin_11),17522.108145009795,98.01220426812506,-0.24827299271292083,0.008706937145652863,0.024102024915758843,0.008017872501155193,15.052439489184833,21.0,0.7167828328183253,False,False
(Q2_y_Bin_6)-(z_pT_Bin_12),14522.003424263967,75.72649833220203,-0.446536283515791,0.007359069306431598,0.1302999718528911,0.007320356187606368,86.11407172828456,21.0,4.100670082299264,False,False
(Q2_y_Bin_6)-(z_pT_Bin_13),23288.03042579195,125.90487019462489,-0.018428509512034688,0.011220654552817866,-0.0006500292161655674,0.0008999001920390523,38.37048352917055,21.0,1.8271658823414547,False,False
(Q2_y_Bin_6)-(z_pT_Bin_14),22947.899279995072,147.7112565168154,-0.05206611985703649,0.010738132949915356,-0.007250002946253575,0.014490993763602456,40.69782033070144,17.0,2.3939894312177317,False,False
(Q2_y_Bin_6)-(z_pT_Bin_15),21809.423037954977,134.07776832993113,-0.09819896439216652,0.009756941910952499,-0.018581519670824474,0.01323940401339954,25.72672911506554,19.0,1.3540383744771338,False,False
(Q2_y_Bin_6)-(z_pT_Bin_16),21092.800696663933,103.37990675386936,-0.1383825744360585,0.007521901112743465,-0.013799999772834533,0.00608452852890813,45.832510775620676,21.0,2.1825005131247943,False,False
(Q2_y_Bin_6)-(z_pT_Bin_17),19487.602224519807,89.04281308223835,-0.2522085362027515,0.00650541320583406,0.021316691683695953,0.006275900159814952,37.39777196407427,21.0,1.7808462840035368,False,False
(Q2_y_Bin_6)-(z_pT_Bin_19),25813.81598796446,137.2657400472017,-0.023061617062227886,0.008237092701437977,-0.0008500005626212504,0.0014574006947702237,59.72887184814,21.0,2.8442319927685715,False,False
(Q2_y_Bin_6)-(z_pT_Bin_20),25976.52656729481,170.23536760696516,-0.07008100351760721,0.010252377660320677,-0.016513286577543442,0.0078033814824041295,21.068909485165154,19.0,1.1088899729034292,False,False
(Q2_y_Bin_6)-(z_pT_Bin_21),24450.06452678585,116.50736834004783,-0.08802109408599805,0.007283684660667082,-0.033749962786679244,0.01644494886993214,43.57037650864824,21.0,2.074779833745154,False,False
(Q2_y_Bin_6)-(z_pT_Bin_22),23466.590487914098,100.98703432567345,-0.1688445957753283,0.0060811760095283995,-0.011849999922214078,0.0011631543318475265,61.06875275481501,21.0,2.9080358454673814,False,False
(Q2_y_Bin_6)-(z_pT_Bin_23),19784.346227971626,95.14538614906996,-0.26445090817040584,0.0068895857053488385,0.05186244938621144,0.006711639783267824,68.97347398566154,21.0,3.284451142174359,False,False
(Q2_y_Bin_6)-(z_pT_Bin_25),42268.31959838352,244.93050209245848,-0.03794048162630273,0.009600411670561233,0.0019499999678921746,0.0012594015973329663,40.33100187065955,19.0,2.1226843089820817,False,False
(Q2_y_Bin_6)-(z_pT_Bin_26),42833.81126602688,207.1624044668788,-0.08203318207212704,0.007493771572240918,-0.034349954656103174,0.02248728533882848,33.23801240759437,21.0,1.582762495599732,False,False
(Q2_y_Bin_6)-(z_pT_Bin_27),38572.58959257988,168.95921942855784,-0.12086751478530423,0.006297340395506758,-0.027723548684170617,0.0056647224115104235,30.892917181653118,21.0,1.471091294364434,False,False
(Q2_y_Bin_6)-(z_pT_Bin_28),32488.62503110771,149.37816406692764,-0.1742452876779794,0.006587401085136627,-0.0006139063929898827,0.00022547951191573935,26.402495894412645,21.0,1.257261709257745,False,False
(Q2_y_Bin_14)-(z_pT_Bin_1),9057.578825560213,73.32167090487565,-0.07845969715236113,0.009970531721797387,-0.00670000036827604,0.0027261271268844032,32.32323059828353,21.0,1.5392014570611205,False,False
(Q2_y_Bin_14)-(z_pT_Bin_2),9457.162974584535,73.03696516417676,-0.08088804683486653,0.0111056219144084,0.0014999948504837892,0.0006790818235059959,28.25531099628923,21.0,1.3454909998232967,False,False
(Q2_y_Bin_14)-(z_pT_Bin_3),9228.988588740487,73.08480255236191,-0.1465485686075887,0.012238592952638072,-0.0014999962992555606,0.0005445633328954388,32.530043141682846,21.0,1.5490496734134689,False,False
(Q2_y_Bin_14)-(z_pT_Bin_4),9298.673284755512,75.69549128861127,-0.2000419410193109,0.013461982933927905,0.006899999968574812,0.004576307390494999,15.786871008480807,20.0,0.7893435504240404,False,False
(Q2_y_Bin_14)-(z_pT_Bin_5),8664.610772560924,67.88494135005658,-0.3045403619770608,0.013109773212276465,0.004198531846802155,0.00824715911022146,37.511178741351976,19.0,1.9742725653343145,False,False
(Q2_y_Bin_14)-(z_pT_Bin_7),11695.673833812823,76.2484206406225,-0.015210433234083337,0.014200075961242016,-0.00842496382078815,0.006074884457239294,26.688351239730917,21.0,1.2708738685586152,False,False
(Q2_y_Bin_14)-(z_pT_Bin_8),12490.484667872277,75.88645428176278,-0.06483969772516751,0.009095638170930679,-0.017849999889589883,0.002508251460962574,49.48285264215688,21.0,2.3563263162931847,False,False
(Q2_y_Bin_14)-(z_pT_Bin_9),12385.15106127374,87.5264392086874,-0.1425418112872617,0.011362704146073405,-0.013674930542742783,0.008587519051435868,26.445249477151147,21.0,1.2592975941500546,False,False
(Q2_y_Bin_14)-(z_pT_Bin_10),12769.429464217483,86.03563260341525,-0.147260506076656,0.01120845327144572,-0.0036000135458101766,0.006403841422830809,28.90747277383335,19.0,1.5214459354649132,False,False
(Q2_y_Bin_14)-(z_pT_Bin_11),13401.238246048653,87.86488404018746,-0.25901266949720836,0.010969898903492356,0.014340765150029295,0.01027336979402307,29.28437213969152,19.0,1.5412827441942905,False,False
(Q2_y_Bin_14)-(z_pT_Bin_12),9062.386313809466,57.067783651141326,-0.4230696951653251,0.009643176175401419,0.10886333258651659,0.009352390586236832,65.75126205664716,21.0,3.13101247888796,False,False
(Q2_y_Bin_14)-(z_pT_Bin_13),13172.54829866266,77.41748532788188,-0.01174594524854739,0.008357515735160935,-0.01562776905806512,0.00630000688386934,33.60441262274038,21.0,1.6002101248923988,False,False
(Q2_y_Bin_14)-(z_pT_Bin_14),14148.19737781231,76.77275474040562,-0.039684808822401524,0.008433561667861939,-0.030899999998789934,0.003182664409539508,18.92674625971804,21.0,0.9012736314151448,False,False
(Q2_y_Bin_14)-(z_pT_Bin_15),13830.104649999368,101.30823741411314,-0.08603726068071217,0.011833140115544066,-0.024525080728903564,0.009148799763168014,19.461907559383434,19.0,1.0243109241780755,False,False
(Q2_y_Bin_14)-(z_pT_Bin_16),13948.36788457318,83.23083002159638,-0.17677413954765955,0.00987915427490553,-0.006000034857332074,0.010293015999277007,24.354787347967143,19.0,1.2818309130509022,False,False
(Q2_y_Bin_14)-(z_pT_Bin_17),13309.167718371487,72.1582201390911,-0.2522048545536641,0.008380450534879305,0.008442395150162802,0.006395995544451975,57.42415798463778,21.0,2.73448371355418,False,False
(Q2_y_Bin_14)-(z_pT_Bin_18),7977.779007896103,51.74533699480253,-0.407243166433467,0.009165717961461678,0.11346903440736475,0.00901342862359316,53.19176554828641,21.0,2.5329412165850673,False,False
(Q2_y_Bin_14)-(z_pT_Bin_19),13938.805534522897,78.93094978704084,-0.01400766225894814,0.010285286094205015,-0.008211756116208982,0.005962179828743535,17.686857987302993,21.0,0.842231332728714,False,False
(Q2_y_Bin_14)-(z_pT_Bin_20),15319.772519576298,83.41204130413553,-0.02912767009802913,0.008523007542896553,-0.010300000786230739,0.003811640746010641,23.431951359932043,21.0,1.1158072076158116,False,False
(Q2_y_Bin_14)-(z_pT_Bin_21),14667.606547072428,104.26585138143037,-0.09146562306369728,0.01144419246093644,-0.03251914196265843,0.013199710373002342,18.734276745086575,19.0,0.9860145655308724,False,False
(Q2_y_Bin_14)-(z_pT_Bin_22),14283.289975108319,79.24814535016867,-0.1528251481524054,0.008607636814849148,-0.02034079398727052,0.013065279873537273,38.822056474524025,21.0,1.8486693559297156,False,False
(Q2_y_Bin_14)-(z_pT_Bin_23),12664.788818282297,65.77316850806983,-0.23672442763702337,0.007538055073586444,0.013970340384789252,0.006645747081798313,36.77451639625767,21.0,1.7511674474408412,False,False
(Q2_y_Bin_14)-(z_pT_Bin_25),15536.78571528395,81.86473253347867,-0.026948178578469456,0.0071828628044786035,-0.009749999954249983,0.004185832961412089,25.27025377152538,21.0,1.2033454176916847,False,False
(Q2_y_Bin_14)-(z_pT_Bin_26),16936.894696789197,122.02162055866211,-0.06681371747994141,0.011357365369068402,-0.02925312851324763,0.011846209688715182,18.770302099383237,19.0,0.9879106368096441,False,False
(Q2_y_Bin_14)-(z_pT_Bin_27),16148.253445589291,91.34757927182272,-0.08558610260384077,0.00874204283351681,-0.01768853597540861,0.007603543334087187,24.09874713240549,19.0,1.268355112231868,False,False
(Q2_y_Bin_14)-(z_pT_Bin_28),14447.66476467943,74.61493463686293,-0.14577842042379963,0.00764541047780351,-0.006040751015785614,0.003701006737020114,22.976659874134576,21.0,1.094126660673075,False,False
(Q2_y_Bin_14)-(z_pT_Bin_29),12098.606126503102,76.64456742651873,-0.2543861553773389,0.00906603686351437,0.058653419352149155,0.008678035783115122,50.61194661667888,21.0,2.4100926960323275,False,False
(Q2_y_Bin_14)-(z_pT_Bin_31),21990.42511272551,115.46079485431073,-0.02223571323865501,0.007654120378607304,-0.0011999998966667421,0.0004912090321328313,73.70297506627415,21.0,3.509665479346388,False,False
(Q2_y_Bin_14)-(z_pT_Bin_32),23748.4003451684,153.9915395226526,-0.0799723468655104,0.01023470787752187,-0.021598711195616887,0.008535234463678371,19.94400998213421,19.0,1.0496847359018007,False,False
(Q2_y_Bin_14)-(z_pT_Bin_33),21198.146782449097,108.68735000352171,-0.09368368422922459,0.0077239556370600065,-0.019323780000248328,0.012888311159823092,35.269795283598846,21.0,1.6795140611237547,False,False
(Q2_y_Bin_14)-(z_pT_Bin_34),18248.543458047734,92.08520539617894,-0.17330632840624624,0.00726509486487939,0.02069999990346592,0.012040794363563062,40.840341282817846,21.0,1.9447781563246593,False,False
(Q2_y_Bin_17)-(z_pT_Bin_1),3347.392116406926,48.852779400783675,-0.010950059353063209,0.011795751069462741,-0.024599999265716852,0.014941844878307506,14.711170132006314,21.0,0.7005319110479198,False,False
(Q2_y_Bin_17)-(z_pT_Bin_2),3397.7525441017788,43.31334463790358,-0.06839100255830247,0.017462494170694454,-0.006089353339096978,0.005394627525772213,19.893824220957214,21.0,0.9473249629027245,False,False
(Q2_y_Bin_17)-(z_pT_Bin_3),3514.8085873476653,42.89739584353424,-0.13146286955582964,0.017514800572536487,-0.006581765075696226,0.011041196896953976,25.740238068606327,21.0,1.225725622314587,False,False
(Q2_y_Bin_17)-(z_pT_Bin_4),2584.8679571107064,38.79183457160457,-0.15468999692310556,0.023501707416012083,-0.03689999699202112,0.024275437340485158,27.817651367660336,21.0,1.3246500651266826,False,False
(Q2_y_Bin_17)-(z_pT_Bin_5),2142.8732048564466,39.42268037307849,-0.2081161314628001,0.030061015943525032,-0.017634336979444457,0.008938372771982974,17.42944880505125,19.0,0.9173394107921711,False,False
(Q2_y_Bin_17)-(z_pT_Bin_7),4846.489034738393,53.571594612521494,-0.01668534646034804,0.012322395682560655,0.0017999999315014615,0.0010028905939256563,29.69712736425913,21.0,1.4141489221075776,False,False
(Q2_y_Bin_17)-(z_pT_Bin_8),5345.147131414089,49.68012079962091,-0.047944046502675364,0.012610295495716153,-0.012808432648112636,0.011567949273537412,25.08217019084146,21.0,1.1943890567067361,False,False
(Q2_y_Bin_17)-(z_pT_Bin_9),5988.358420316878,52.502994674598085,-0.08262315047476503,0.012976927250559399,-0.027090987803774107,0.011021221315733222,24.79380703887357,21.0,1.1806574780415986,False,False
(Q2_y_Bin_17)-(z_pT_Bin_10),5008.124319710849,49.59979467243784,-0.08531481209683486,0.016035032416006477,-0.012450000387044809,0.015781658673232966,32.391207500702784,21.0,1.5424384524144183,False,False
(Q2_y_Bin_17)-(z_pT_Bin_11),4625.884794120065,54.3002522238844,-0.15952671440463212,0.019190271618076002,-0.03153068814453554,0.02038801560359433,17.929720147542156,19.0,0.9436694814495872,False,False
(Q2_y_Bin_17)-(z_pT_Bin_12),3319.4957472775936,35.05287478144078,-0.2868606647582556,0.017073460559436537,0.02489999690388853,0.011413627835506904,43.860518033323594,21.0,2.088596096824933,False,False
(Q2_y_Bin_17)-(z_pT_Bin_13),4946.746294107779,51.23068151031612,-0.0037500013139863727,0.005834525022206587,0.000306426144072109,0.0005878376354214439,39.1739810917758,21.0,1.8654276710369428,False,False
(Q2_y_Bin_17)-(z_pT_Bin_14),5668.15655960928,47.92477037804383,-0.024547214821663013,0.010767870551184253,-0.013680746808464796,0.010374223400946389,30.189639048965503,21.0,1.4376018594745479,False,False
(Q2_y_Bin_17)-(z_pT_Bin_15),6283.282597477702,58.756995847983944,-0.03630995614120726,0.0133084307968806,-0.023360904720077035,0.017007978150572107,27.404788162928632,21.0,1.304989912520411,False,False
(Q2_y_Bin_17)-(z_pT_Bin_16),5089.426487251203,57.90949428732665,-0.10784174032138064,0.01801181907414013,-0.027512955679294994,0.016436264294560233,26.1523626236323,19.0,1.3764401380859106,False,False
(Q2_y_Bin_17)-(z_pT_Bin_17),4602.591350923829,43.78950130412932,-0.15281628377470174,0.014551126310432747,-0.01482632151044506,0.010739055124154644,50.891263504534656,21.0,2.423393500215936,False,False
(Q2_y_Bin_17)-(z_pT_Bin_18),3045.7402104617786,33.142709785394345,-0.23910643831564435,0.015925742973714643,0.060359036578908565,0.03362625580120106,37.875233857521444,21.0,1.8035825646438783,False,False
(Q2_y_Bin_17)-(z_pT_Bin_19),6281.09837376405,55.523947275195496,-0.006497974277463961,0.003740275516651611,0.016307656665727522,0.012218027721701621,24.446600683802735,21.0,1.1641238420858446,False,False
(Q2_y_Bin_17)-(z_pT_Bin_20),6926.620893550127,55.69285543689239,-0.02791768512571826,0.010755539198195095,-0.008562028074462333,0.0041301330330747905,17.484738863657455,21.0,0.8326066125551169,False,False
(Q2_y_Bin_17)-(z_pT_Bin_21),7470.803422661521,63.31469603836467,-0.08948304449836944,0.0134702919943901,-0.0042000004444869045,0.006409088197309757,19.674032780263946,19.0,1.0354754094875762,False,False
(Q2_y_Bin_17)-(z_pT_Bin_22),5698.119937164219,48.89842722697131,-0.0808806587142705,0.01319695655016296,-0.01574999431959896,0.00950090751504909,21.049436333208774,21.0,1.0023541111051797,False,False
(Q2_y_Bin_17)-(z_pT_Bin_23),4881.80508158381,43.11198562562777,-0.17302246323913106,0.013285466404904231,0.0018500002166507454,0.0036434366788205648,30.91218997333336,21.0,1.4720090463492075,False,False
(Q2_y_Bin_17)-(z_pT_Bin_25),7319.180314730494,65.29171875495877,-0.02609999716540988,0.011160106019599927,0.010200015435204778,0.017382509781004953,25.090494522436867,21.0,1.1947854534493747,False,False
(Q2_y_Bin_17)-(z_pT_Bin_26),8153.82926344877,71.47278940574779,-0.018921941643277485,0.02693642460869539,0.012959299946691802,0.00856990071387185,22.12398696805723,21.0,1.0535231889551062,False,False
(Q2_y_Bin_17)-(z_pT_Bin_27),8031.3038957036215,67.4917337948882,-0.07087897474305466,0.013015649329085655,-0.0004499991405657051,0.0001511841547091339,23.168517979030263,19.0,1.219395683106856,False,False
(Q2_y_Bin_17)-(z_pT_Bin_28),5842.676377856696,55.02035406019104,-0.1281326639348446,0.013883688592289924,0.013684203732187192,0.009715992985839483,33.7477806960205,21.0,1.607037176000976,False,False
(Q2_y_Bin_13)-(z_pT_Bin_1),13489.949832793298,113.02295649314328,-0.06740054910295246,0.012014388134939637,-0.012600001822619208,0.004498593989856149,39.48353495961938,21.0,1.8801683314104465,False,False
(Q2_y_Bin_13)-(z_pT_Bin_2),16978.405495891573,124.1313087790586,-0.1183066512013962,0.012022728918460283,-0.004250000450475066,0.006874957218875171,24.234163500027595,21.0,1.1540077857155997,False,False
(Q2_y_Bin_13)-(z_pT_Bin_3),15227.170590606134,160.17473037868876,-0.18122196696408333,0.018516911821449586,-0.019314461407182255,0.006976766718654803,21.35088631014938,18.0,1.1861603505638545,False,False
(Q2_y_Bin_13)-(z_pT_Bin_4),18927.844212538443,127.46590151323835,-0.2311659093446479,0.011929115260812445,-0.018749972545447132,0.012003094283871533,28.05976857504327,17.0,1.6505746220613688,False,False
(Q2_y_Bin_13)-(z_pT_Bin_5),21111.17374512333,120.68573296623435,-0.352584645291241,0.010194369680571691,0.034126519596543024,0.008133968771432425,31.31990297386526,21.0,1.491423951136441,False,False
(Q2_y_Bin_13)-(z_pT_Bin_6),15479.171413579463,103.07234693625833,-0.045449994261201186,0.023996066753685673,-0.00871636218477585,0.011492601836693922,38.26498189854886,21.0,1.8221419951689934,False,False
(Q2_y_Bin_13)-(z_pT_Bin_7),18486.59452768423,110.87858402735583,-0.09867540679672131,0.01002290148127915,-0.02309998950727602,0.00985910454441369,13.922090688513176,20.0,0.6961045344256588,False,False
(Q2_y_Bin_13)-(z_pT_Bin_8),16012.305445721848,108.62972598738179,-0.14385912966285874,0.011718643665645734,-0.01964987004527723,0.011497592481543325,15.946223251490764,17.0,0.9380131324406332,False,False
(Q2_y_Bin_13)-(z_pT_Bin_9),18284.308346516715,100.94619378245989,-0.1727588524657737,0.009249319614407767,1.5545609696942766e-09,1.0798887366483405e-09,25.08737010714118,19.0,1.3203879003758516,False,False
(Q2_y_Bin_13)-(z_pT_Bin_10),17405.974686600017,77.38294672772099,-0.35405049851290166,0.0068066401886204,0.07780200526046396,0.006616372989220638,89.07757556157698,21.0,4.241789312456047,False,False
(Q2_y_Bin_13)-(z_pT_Bin_11),14672.114811163208,105.61970892073623,-0.013503741801897881,0.011346856471464519,-0.008961572693300642,0.011695184001890424,14.331238447460214,21.0,0.682439926069534,False,False
(Q2_y_Bin_13)-(z_pT_Bin_12),17479.98824315577,109.54857645948141,-0.07180416297157266,0.01052919068545597,-0.00970000157237916,0.01350146327421815,19.401719130932783,17.0,1.1412775959372226,False,False
(Q2_y_Bin_13)-(z_pT_Bin_13),14682.761775644462,106.68818416904924,-0.10191525524531955,0.011858694124416334,-0.013193603203530462,0.01174066235972634,31.90563706118818,18.0,1.7725353922882323,False,False
(Q2_y_Bin_13)-(z_pT_Bin_14),15742.729225019453,77.32030757077246,-0.17350579109776496,0.007758760536966641,0.0026000000698086054,0.004090177281789538,27.833793569604758,21.0,1.3254187414097505,False,False
(Q2_y_Bin_13)-(z_pT_Bin_15),12315.014136966473,59.9816750794198,-0.36193127851122225,0.006991866910314615,0.11461433477722374,0.006914937332897657,47.38870770170789,21.0,2.2566051286527564,False,False
(Q2_y_Bin_13)-(z_pT_Bin_16),17935.816490051402,105.15344341540731,-0.00937267895289263,0.0037759719388575043,-0.022238931814391676,0.007490023187580334,25.967362359610647,21.0,1.2365410647433641,False,False
(Q2_y_Bin_13)-(z_pT_Bin_17),22041.60048307163,122.13748280197797,-0.04420172542071102,0.008954447119196778,-0.010650112432653612,0.018244781895532334,13.710003568356058,17.0,0.8064707981385917,False,False
(Q2_y_Bin_13)-(z_pT_Bin_18),18144.88225448961,92.7985277001062,-0.11514525591692645,0.008107725357587463,-0.016568744180054603,0.00933872284566024,19.6421499219053,21.0,0.935340472471681,False,False
(Q2_y_Bin_13)-(z_pT_Bin_19),18451.695299509178,74.61193415719208,-0.2003559560016728,0.005903578170650639,0.025585306184140934,0.00580014893061097,36.28327308281995,21.0,1.7277749087057122,False,False
(Q2_y_Bin_13)-(z_pT_Bin_21),20824.619814320467,147.52753997611217,-0.01117825792404313,0.007953812423917024,-0.011306552838938446,0.008317800951343723,47.76590912479595,21.0,2.2745671011807596,False,False
(Q2_y_Bin_13)-(z_pT_Bin_22),25635.38119134756,129.68363382074676,-0.07019489633417979,0.00805298990894374,-0.01913379253519498,0.006703180804252809,35.37110655365633,19.0,1.8616371870345438,False,False
(Q2_y_Bin_13)-(z_pT_Bin_23),20506.004980182308,83.6252736395345,-0.13372989702851779,0.00610152534124371,-0.012449997024152157,0.008285959450906748,29.963084013817912,21.0,1.4268135244675197,False,False
(Q2_y_Bin_13)-(z_pT_Bin_24),18573.311814335313,73.5120904842388,-0.21108933387066905,0.0056472651768733895,0.025256644654443286,0.005518927391772217,39.60404017087091,21.0,1.8859066748033766,False,False
(Q2_y_Bin_13)-(z_pT_Bin_26),30552.943855454396,175.4433232295687,-0.009912813675706133,0.011018001332573088,0.0031499999248164935,0.002065986993959731,40.451006565848076,21.0,1.9262384078975274,False,False
(Q2_y_Bin_13)-(z_pT_Bin_27),36780.73713991345,141.2609291767585,-0.08679621644649714,0.0059328611448594,-0.01949999256369554,0.012993701122427726,22.1790695162548,21.0,1.0561461674407047,False,False
(Q2_y_Bin_13)-(z_pT_Bin_28),27179.801143053606,103.84078683066036,-0.15042724061900695,0.0054917806338097425,0.0003500009108648919,0.0006765642980550049,25.550641158618838,21.0,1.2166971980294685,False,False
(Q2_y_Bin_4)-(z_pT_Bin_7),9214.427439245339,128.43887343809274,-0.05357449525132198,0.01710035039822137,0.004650002056940396,0.009105296125862139,21.882885261144338,21.0,1.0420421552925876,False,False
(Q2_y_Bin_4)-(z_pT_Bin_8),8285.108070653892,97.71644511903241,-0.08254246777654502,0.01695852912823797,0.030299994154037984,0.013310428490991389,36.35822504620479,21.0,1.7313440498192756,False,False
(Q2_y_Bin_4)-(z_pT_Bin_9),8052.125639428129,90.48501083650945,-0.16773671132975565,0.01700986546775328,0.02669939285009302,0.01545204109295266,22.849769068277272,21.0,1.0880842413465368,False,False
(Q2_y_Bin_4)-(z_pT_Bin_10),6287.262865225117,89.98854295904539,-0.2167205773970603,0.024001843313082957,0.021899994403532106,0.011762039863746751,29.543677083614394,19.0,1.5549303728218102,False,False
(Q2_y_Bin_4)-(z_pT_Bin_11),2887.725287652582,63.22934106672301,-0.3493125101571366,0.03550999392891327,0.005154822047355433,0.010172136742240935,17.843475855549276,19.0,0.939130308186804,False,False
(Q2_y_Bin_4)-(z_pT_Bin_13),14973.031819944837,155.4483194254526,-0.03556779355784729,0.012892193905191045,0.006013826302420894,0.004513019778701889,24.282289097452708,21.0,1.1562994808310814,False,False
(Q2_y_Bin_4)-(z_pT_Bin_14),15499.592255992055,125.748323953625,-0.07749479576004552,0.01201756087616039,-0.007199999525479649,0.004707477474649321,21.61357013109855,21.0,1.0292176252904073,False,False
(Q2_y_Bin_4)-(z_pT_Bin_15),16456.941572658645,130.11838540681583,-0.13648423044877864,0.012439472433369889,-0.0029500000490987953,0.004833999885975944,38.30493781924239,21.0,1.8240446580591614,False,False
(Q2_y_Bin_4)-(z_pT_Bin_16),14493.098746908669,155.25334096351617,-0.16764144227733,0.01711824754173044,-0.022033599593584256,0.01336467813102762,21.2418443328843,19.0,1.1179918069939105,False,False
(Q2_y_Bin_4)-(z_pT_Bin_17),10259.226285384302,103.97723347443753,-0.30866662502472547,0.016150156131322202,-0.0055319551355332355,0.001955746862446491,21.812672752549513,19.0,1.1480354080289217,False,False
(Q2_y_Bin_4)-(z_pT_Bin_19),14586.26012043554,150.66260501397937,-0.027434712826055786,0.019808010870829756,0.005785821296231243,0.0036644802598846445,26.025619387006106,21.0,1.2393152089050528,False,False
(Q2_y_Bin_4)-(z_pT_Bin_20),15520.43444390211,126.81454746337113,-0.07033922802210166,0.012047437126644783,-0.006400004392430854,0.009164286223586511,27.36141481434582,21.0,1.3029245149688486,False,False
(Q2_y_Bin_4)-(z_pT_Bin_21),18156.86023827216,150.51693862417596,-0.08740645103500572,0.013498758935996287,-0.046649999968825934,0.005282065174885563,47.62556339757735,21.0,2.267883971313207,False,False
(Q2_y_Bin_4)-(z_pT_Bin_22),18639.69467030278,173.46204762597517,-0.1379096165671051,0.014326458126875864,-0.04742931756663976,0.021354941968272385,17.102765237542176,19.0,0.9001455388180093,False,False
(Q2_y_Bin_4)-(z_pT_Bin_23),13413.279760639838,136.53767823497765,-0.2402029745340722,0.014653955000082833,-0.023804902730251973,0.017740962972523488,28.009667375577074,21.0,1.3337936845512892,False,False
(Q2_y_Bin_4)-(z_pT_Bin_25),20059.96730902949,167.64697154271744,-0.01893990965905505,0.015818279837754808,0.0013499992908321788,0.0007422798605002294,23.81707963811128,21.0,1.1341466494338706,False,False
(Q2_y_Bin_4)-(z_pT_Bin_26),21232.267550556702,154.16818990155298,-0.0549251284950556,0.010513687096530715,-0.025500976066948972,0.00964617994562297,43.08846700846774,21.0,2.0518317623079874,False,False
(Q2_y_Bin_4)-(z_pT_Bin_27),24156.501958409404,244.62181952384526,-0.1089830178439853,0.015857546455566765,-0.04926820412125355,0.01271775970390638,20.378679254192264,19.0,1.0725620660101192,False,False
(Q2_y_Bin_4)-(z_pT_Bin_28),25912.184120319638,197.24119465404874,-0.1241089812651643,0.011271805918040646,-0.040673503912560235,0.011442979556143417,40.497933488701904,20.0,2.0248966744350954,False,False
(Q2_y_Bin_4)-(z_pT_Bin_29),20370.768884476907,189.24394666450826,-0.2156101724244165,0.013554710411458629,-0.010200023769680015,0.012999926786434177,66.82257875656674,21.0,3.1820275598365115,False,False
(Q2_y_Bin_4)-(z_pT_Bin_31),44353.466446208695,351.258521124495,-0.025644234284008374,0.01058941859461474,-0.015149996234248887,0.0077248704761956055,39.47556945180444,21.0,1.879789021514497,False,False
(Q2_y_Bin_4)-(z_pT_Bin_32),46940.14934117616,390.8129844801879,-0.048702251284566005,0.012131145372820038,-0.02720000049448854,0.01092576325187272,27.130897791854977,21.0,1.291947513897856,False,False
(Q2_y_Bin_4)-(z_pT_Bin_33),51639.749903211676,395.67178661012804,-0.06642889534877912,0.011971690546777124,-0.07439999623572882,0.03092466702571271,19.183859271260683,19.0,1.0096768037505623,False,False
(Q2_y_Bin_4)-(z_pT_Bin_34),51442.5546819193,380.91944722978224,-0.14625574389563686,0.011357272245106464,-0.021400018364398393,0.02790350276938867,37.15739164315755,21.0,1.7693996020551215,False,False
(Q2_y_Bin_9)-(z_pT_Bin_1),18107.60908920428,155.96810352742432,-0.06746651880319175,0.013347987582283647,-0.02870502311324121,0.01056134454926861,28.077430894201104,21.0,1.3370205187714812,False,False
(Q2_y_Bin_9)-(z_pT_Bin_2),14581.931251717022,134.0012158724303,-0.09996066195401095,0.015307615217350315,0.0004496651266379074,0.0001811498685950266,29.518753757181873,18.0,1.6399307642878818,False,False
(Q2_y_Bin_9)-(z_pT_Bin_3),16492.96075463188,227.58848638599648,-0.15586059697924168,0.024106921319775473,-0.00557673349125667,0.0037430990703699943,18.002983541661834,17.0,1.058999031862461,False,False
(Q2_y_Bin_9)-(z_pT_Bin_4),16628.606106927506,140.37609291275112,-0.2142106139381012,0.015111892346857322,0.00025000767918875077,0.0002884193030701657,25.130199016391163,17.0,1.4782470009641862,False,False
(Q2_y_Bin_9)-(z_pT_Bin_5),22179.758629434447,140.55837814349616,-0.2339943557758656,0.011271639718973422,-9.984039863535299e-05,4.4043705850138855e-05,37.28312853942333,17.0,2.1931252082013724,False,False
(Q2_y_Bin_9)-(z_pT_Bin_6),20655.92936577616,128.52738971792132,-0.3216951256029356,0.010882939540581421,0.02725089623795846,0.008433046544938653,29.47575818105385,21.0,1.4036075324311357,False,False
(Q2_y_Bin_9)-(z_pT_Bin_7),12431.085911850767,75.3455259868233,-0.4985748499972123,0.009350171644728289,0.11065216345544297,0.008797241632340795,51.46752840117518,21.0,2.4508346857702468,False,False
(Q2_y_Bin_9)-(z_pT_Bin_8),23397.98581148913,131.10464455098554,-0.00300000145633358,0.004524578613648422,-0.013949998959778357,0.0013535936949719404,45.28277156784676,21.0,2.1563224556117504,False,False
(Q2_y_Bin_9)-(z_pT_Bin_9),18387.130920314998,106.54196200742626,-0.024500000800232662,0.004165115400637777,-0.017999999962008,0.0018106524842392228,28.474594740558416,17.0,1.6749761612093186,False,False
(Q2_y_Bin_9)-(z_pT_Bin_10),20067.140100714656,197.6765619807593,-0.06642740111961346,0.01592086609988239,-0.01543222438442353,0.010630312815570992,25.217297179061223,17.0,1.483370422297719,False,False
(Q2_y_Bin_9)-(z_pT_Bin_11),19164.323005059265,128.98013879014798,-0.12472908667444767,0.011094587343390583,-0.004326269233962619,0.004019051842129261,36.24885580144071,19.0,1.9078345158653007,False,False
(Q2_y_Bin_9)-(z_pT_Bin_12),22400.507629336742,105.20293150917678,-0.2066993795863044,0.00745797663832605,0.004593875946540658,0.007252824945981751,51.687019939408174,21.0,2.4612866637813418,False,False
(Q2_y_Bin_9)-(z_pT_Bin_13),17160.36821716777,77.54987816456196,-0.3233665393830726,0.006578416984612312,0.06444930814447894,0.006505340032635438,42.768437767768575,21.0,2.0365922746556464,False,False
(Q2_y_Bin_9)-(z_pT_Bin_14),7699.703672155469,50.0450036935722,-0.5497182983969626,0.009082445531726713,0.19909921402988107,0.00880886587083389,79.70128820604324,21.0,3.7952994383830116,False,False
(Q2_y_Bin_9)-(z_pT_Bin_15),22150.839043181357,181.99558690529193,-0.011396298098277668,0.0072032214109468366,-0.010264573713324607,0.00720003864999784,30.24313476480399,21.0,1.4401492745144757,False,False
(Q2_y_Bin_9)-(z_pT_Bin_16),17399.63384508725,126.47594682485578,-0.06447338986531757,0.011799328687476723,-0.02909998589541772,0.017040317257615557,18.394823716687192,17.0,1.082048453922776,False,False
(Q2_y_Bin_9)-(z_pT_Bin_17),18716.590012510405,111.01648343730812,-0.09547942061100488,0.009527581833958298,-0.008520547899470125,0.015264512120078521,24.89552645327399,19.0,1.310290865961789,False,False
(Q2_y_Bin_9)-(z_pT_Bin_18),16981.274272722956,85.66936287233148,-0.13392533297579312,0.0077739808903746765,-0.0043534974431810106,0.0024696254431436034,36.33293170166561,21.0,1.7301396048412194,False,False
(Q2_y_Bin_9)-(z_pT_Bin_19),18532.908986325074,76.80841630567193,-0.2078996754460658,0.005973688408353425,0.017775135279993633,0.005604187837151687,18.66276167270828,21.0,0.8887029367956325,False,False
(Q2_y_Bin_9)-(z_pT_Bin_20),12143.058337123372,62.65902623406873,-0.3729765261162475,0.007344067875793059,0.10002593090398679,0.007183883527647823,50.6820111673705,21.0,2.4134291032081188,False,False
(Q2_y_Bin_9)-(z_pT_Bin_22),21654.314519012984,127.06281715278419,-0.0018000142704186924,0.003246760465914911,-0.008788332333502555,0.007790728651159115,29.09313325550943,19.0,1.531217539763654,False,False
(Q2_y_Bin_9)-(z_pT_Bin_23),17435.578483752044,91.59140543003923,-0.08636046540841805,0.007603357607647611,-0.0248011911553379,0.006897955497550097,33.54621758238433,19.0,1.7655903990728594,False,False
(Q2_y_Bin_9)-(z_pT_Bin_24),18574.359855776653,93.06850977662361,-0.1297386795813856,0.007758567625956642,-0.0231244804415363,0.009648605891540273,32.89062458492835,21.0,1.5662202183299212,False,False
(Q2_y_Bin_9)-(z_pT_Bin_25),16243.374829203869,76.32483655787837,-0.17285856758141585,0.006752821425646288,-0.00689998965802691,0.004200397600544666,32.39707585862856,21.0,1.5427178980299314,False,False
(Q2_y_Bin_9)-(z_pT_Bin_26),16196.415685779766,73.15794747572545,-0.2605974554530792,0.006409283704674362,0.026130339781383218,0.00619465900215904,59.1685395527,21.0,2.817549502509524,False,False
(Q2_y_Bin_9)-(z_pT_Bin_29),31121.754282136666,160.25432822094444,-0.006800025126757737,0.01327264183037753,-5.000548361847159e-05,8.950180260794943e-05,32.06541033800793,18.0,1.781411685444885,False,False
(Q2_y_Bin_9)-(z_pT_Bin_30),25793.0394893558,129.53005171333825,-0.08289167712573442,0.007811841966198926,-0.026249969734329245,0.012978535457609361,39.51335266142696,21.0,1.8815882219727122,False,False
(Q2_y_Bin_9)-(z_pT_Bin_31),26408.983921785144,113.14048925253519,-0.13252996530115,0.006173598012263415,-0.019949999030746443,0.0014217619115168868,25.962080067863898,21.0,1.236289527041138,False,False
(Q2_y_Bin_9)-(z_pT_Bin_32),22022.585323459087,98.5899616604056,-0.18079503398123759,0.006359445466172953,0.008637801652910752,0.006467691050490667,22.190552308319774,21.0,1.0566929670628464,False,False
(Q2_y_Bin_2)-(z_pT_Bin_1),23330.20542242131,165.21546246877915,-0.11194591421767512,0.01046598148298647,-0.00040000037195528566,0.0005133979767699572,43.52334075031519,21.0,2.0725400357292947,False,False
(Q2_y_Bin_2)-(z_pT_Bin_2),18867.198709512708,167.59532345685875,-0.19994437500894197,0.015266789978222214,0.029549999980594065,0.002684614300300859,63.33747008056318,18.0,3.5187483378090656,False,False
(Q2_y_Bin_2)-(z_pT_Bin_3),19879.69882435315,167.7158476345394,-0.18806187538548225,0.01459049285710702,0.02834999803548725,0.012305362984460328,50.46819104588879,17.0,2.9687171203463993,False,False
(Q2_y_Bin_2)-(z_pT_Bin_4),16089.736289645074,179.74213206160766,-0.23498197359155654,0.02022331579335894,0.01845065978048186,0.013152767369475304,48.75794117615822,17.0,2.8681141868328366,False,False
(Q2_y_Bin_2)-(z_pT_Bin_5),17278.499510291425,124.76055320789237,-0.2996560894089008,0.012575376173378672,0.003100035334069357,0.006199637554868305,90.3246744215573,18.0,5.0180374678642945,False,False
(Q2_y_Bin_2)-(z_pT_Bin_6),15099.39232118914,98.16018206473927,-0.4226400944498276,0.01035305718421825,0.032574575229550436,0.00933920086838456,99.9563770889689,21.0,4.759827480427091,False,False
(Q2_y_Bin_2)-(z_pT_Bin_7),25911.31485510751,160.50713050656123,-0.010350007443799686,0.017341941527794932,0.009757956819535901,0.006525041174504058,31.139590985301584,21.0,1.4828376659667422,False,False
(Q2_y_Bin_2)-(z_pT_Bin_8),21553.813485259718,154.88773086702895,-0.0908948219139847,0.012283475911805702,0.003050000041368527,0.006043956810045619,31.97948317494332,17.0,1.881146069114313,False,False
(Q2_y_Bin_2)-(z_pT_Bin_9),22647.898306652125,155.82902833396292,-0.10587870346376234,0.011504021162369149,0.013313340883174317,0.0073325736538324745,57.797019594722364,17.0,3.399824682042492,False,False
(Q2_y_Bin_2)-(z_pT_Bin_10),17223.236771418007,117.4219631597698,-0.18919919599721333,0.011272766282623303,0.018449958783443982,0.008602148441313635,27.747443832909106,19.0,1.4603917806794267,False,False
(Q2_y_Bin_2)-(z_pT_Bin_11),17959.572784718108,108.69789384654541,-0.2360373148396359,0.00947537170862374,0.02446072847334922,0.008524786762557888,27.636945141098018,21.0,1.3160450067189533,False,False
(Q2_y_Bin_2)-(z_pT_Bin_12),15160.748414812704,86.51154617797874,-0.4333997611183279,0.008147147649031489,0.11653746266778732,0.00803737074044774,37.85946291160781,21.0,1.8028315672194193,False,False
(Q2_y_Bin_2)-(z_pT_Bin_13),28733.423561915333,193.50177190217983,-0.012676312633934875,0.009484057505156272,0.002523349756307496,0.001819777655947103,33.831248651144406,21.0,1.611011840530686,False,False
(Q2_y_Bin_2)-(z_pT_Bin_14),23151.557454825543,164.68776432636696,-0.0571579054110567,0.011767891971014157,-0.003500000004920309,0.004476189078334783,50.789830315287695,17.0,2.9876370773698646,False,False
(Q2_y_Bin_2)-(z_pT_Bin_15),23017.142057382163,141.6684515766301,-0.12709386298096187,0.00987549980200017,-0.009040424109453243,0.0043760424018046504,33.02422504664102,19.0,1.7381171077179485,False,False
(Q2_y_Bin_2)-(z_pT_Bin_16),16577.635011803904,99.08740233264507,-0.17189575791508171,0.009193199450361095,-0.00044975747296073027,0.00019256299659827978,36.00507180415645,21.0,1.7145272287693547,False,False
(Q2_y_Bin_2)-(z_pT_Bin_17),16166.579798557774,89.14389774097799,-0.2707314959322249,0.007878243609205943,0.03078542954293459,0.00764439456535604,35.27461386702117,21.0,1.6797435174771986,False,False
(Q2_y_Bin_2)-(z_pT_Bin_18),11401.681695422603,77.77797414124598,-0.4387490535129752,0.009542380164714676,0.12214721488419072,0.009278590734654292,50.554786393452204,21.0,2.4073707806405813,False,False
(Q2_y_Bin_2)-(z_pT_Bin_19),30626.310878438617,171.07682663336345,-0.029449452311148382,0.014275204641162574,-0.005908729341416332,0.0019953955963428038,35.658080298237515,20.0,1.7829040149118758,False,False
(Q2_y_Bin_2)-(z_pT_Bin_20),25067.367347772935,148.84880134749255,-0.0604697325120092,0.00935749275312316,-0.008450000024851056,0.011388221777493567,34.998905404131996,19.0,1.8420476528490524,False,False
(Q2_y_Bin_2)-(z_pT_Bin_21),24039.495019209957,121.25376154946935,-0.13910003789425665,0.007744507252145899,-0.006650002211650382,0.008921857062246135,30.9515329389202,21.0,1.4738825209009618,False,False
(Q2_y_Bin_2)-(z_pT_Bin_22),17196.638581531115,95.39027343252747,-0.17911453073195832,0.007916244086828922,-0.0016499987434007346,0.0009838335479397577,33.33775197578354,21.0,1.5875119988468351,False,False
(Q2_y_Bin_2)-(z_pT_Bin_23),15346.34542872105,89.33919156675984,-0.2646169803014043,0.008318444778719875,0.033216776610631556,0.008049815556223697,53.5987991026557,21.0,2.5523237667931284,False,False
(Q2_y_Bin_2)-(z_pT_Bin_25),24724.340667059292,162.2299999256702,-0.01514592437746123,0.013889988261306708,-0.00030001080708201897,0.00045893957894688696,43.65570025116256,19.0,2.2976684342717135,False,False
(Q2_y_Bin_2)-(z_pT_Bin_26),19894.395336651563,117.17884066640181,-0.10147583256005228,0.008856662396353854,-0.035099999954044676,0.022621335248550915,59.199962402222425,21.0,2.8190458286772584,False,False
(Q2_y_Bin_2)-(z_pT_Bin_27),18795.533397149782,103.53754890415985,-0.13684961188158293,0.007987404155919822,-0.02804999936645766,0.003400962553629974,22.28892870211871,21.0,1.061377557243748,False,False
(Q2_y_Bin_2)-(z_pT_Bin_28),13112.513167033741,85.32819808482145,-0.14538287743184428,0.00938586952545406,0.0008500000028917569,0.0014606834335825513,34.63972191481072,21.0,1.649510567371939,False,False
(Q2_y_Bin_2)-(z_pT_Bin_29),10958.858614395056,85.31674994201876,-0.2871712111047493,0.011055979526073428,0.08270636549999419,0.010409367865080177,27.839041394465028,21.0,1.325668637831668,False,False
(Q2_y_Bin_2)-(z_pT_Bin_31),44433.5471208076,349.66752977558644,-0.022399851192520002,0.010561950390472565,-0.005415630584731449,0.006719064569933082,46.704440770724126,19.0,2.458128461617059,False,False
(Q2_y_Bin_2)-(z_pT_Bin_32),36215.12066587824,179.45422086299368,-0.10173316864848424,0.007488096635489619,-0.03579993219993764,0.023337189320645296,48.14707353980682,21.0,2.2927177876098486,False,False
(Q2_y_Bin_2)-(z_pT_Bin_33),32261.81263330058,153.16670148384037,-0.11795031082196598,0.006809057383407653,-0.01318885826192987,0.009239007336275792,37.745949819747395,21.0,1.797426181892733,False,False
(Q2_y_Bin_2)-(z_pT_Bin_34),20841.710992509194,124.38927165687892,-0.18456175353548993,0.008575892319845943,0.010419249281750663,0.00815497788169484,37.490839592454286,21.0,1.7852780758311564,False,False
(Q2_y_Bin_3)-(z_pT_Bin_1),9909.436260097287,113.86805638988972,-0.08610088343919788,0.015018610236801955,-0.003497659818542455,0.002072974118640647,31.91737137385571,21.0,1.5198748273264624,False,False
(Q2_y_Bin_3)-(z_pT_Bin_2),10640.746880720346,108.80216187742371,-0.1559764321939899,0.014735602598380054,0.019839535004621035,0.015388549182491017,36.85814448981168,21.0,1.75514973761008,False,False
(Q2_y_Bin_3)-(z_pT_Bin_3),10702.422759580895,117.61759852853629,-0.1768838319029865,0.01787231382489661,0.046255519397175045,0.027509544850150107,17.06562996724001,20.0,0.8532814983620005,False,False
(Q2_y_Bin_3)-(z_pT_Bin_4),10178.026203108866,124.14045778807031,-0.26779933156097,0.02079952702844577,0.038968978299893146,0.025549600063824767,32.210946259003975,18.0,1.7894970143891098,False,False
(Q2_y_Bin_3)-(z_pT_Bin_5),7266.068976202926,100.132860330737,-0.2705619252354223,0.02354889255062094,0.03245553030923578,0.023289592136457676,41.225345280268435,17.0,2.4250203106040256,False,False
(Q2_y_Bin_3)-(z_pT_Bin_7),21499.91342791898,158.21013675422364,-0.03132392548905494,0.009610031860207495,0.013415658329167744,0.009782021662444837,29.579034020260693,21.0,1.4085254295362235,False,False
(Q2_y_Bin_3)-(z_pT_Bin_8),24512.16796883801,152.34615855765696,-0.0758356969603603,0.009555526376556767,0.019427903787434,0.012762214816603931,31.871530115726284,21.0,1.5176919102726802,False,False
(Q2_y_Bin_3)-(z_pT_Bin_9),25189.97931574618,161.55675407525996,-0.1296169234235387,0.01087051542140531,0.002650002492857115,0.005078353778816902,23.839449802814535,20.0,1.1919724901407267,False,False
(Q2_y_Bin_3)-(z_pT_Bin_10),27375.88091364267,170.129685759086,-0.1555955352012697,0.010430938785877836,0.01934999896856183,0.002824840019740973,36.590748909458235,19.0,1.925828889971486,False,False
(Q2_y_Bin_3)-(z_pT_Bin_11),21997.89096934315,148.96288323965018,-0.2581825889567127,0.010944582240824577,0.007667003757193076,0.006842722136269188,36.12638317133271,19.0,1.9013885879648795,False,False
(Q2_y_Bin_3)-(z_pT_Bin_12),23176.03499925546,129.347209383257,-0.37631367760802903,0.008572692114139246,0.061445658322338455,0.008358106877385807,53.5274078669659,21.0,2.5489241841412333,False,False
(Q2_y_Bin_3)-(z_pT_Bin_13),22811.176783534193,153.17797106784928,-0.007750001507970406,0.009819020246985688,0.003877412908788032,0.0018885424327301065,37.17301798152804,21.0,1.770143713406097,False,False
(Q2_y_Bin_3)-(z_pT_Bin_14),26053.247094340077,151.2362662528085,-0.0641014882986272,0.009610222326577267,-0.0037000037475949533,0.007324789752007392,37.620200545771915,20.0,1.8810100272885957,False,False
(Q2_y_Bin_3)-(z_pT_Bin_15),26878.416097129684,179.0212492444898,-0.1019949870139847,0.01116189744267989,-0.007150000139394937,0.009021734449729901,35.81144728149581,19.0,1.8848130148155688,False,False
(Q2_y_Bin_3)-(z_pT_Bin_16),27110.741851809016,160.84217780326617,-0.17833623224097686,0.009232805377547032,-0.013683828278539784,0.008881790288010746,32.79169361729708,20.0,1.639584680864854,False,False
(Q2_y_Bin_3)-(z_pT_Bin_17),21238.59062850075,128.26090411730002,-0.22141393387473446,0.008968431720815961,-0.004564477847180516,0.0029210693792073106,26.24725088985385,21.0,1.2498690899930405,False,False
(Q2_y_Bin_3)-(z_pT_Bin_18),19993.730030875216,124.7603839638632,-0.3419470720115646,0.008774132021284436,0.04116443711045089,0.008619049940164904,20.042107407148645,21.0,0.9543860670070783,False,False
(Q2_y_Bin_3)-(z_pT_Bin_19),21353.31577598787,141.46971649017541,-0.03614999357476725,0.015369253829021776,-0.0001676256183289711,9.654226647004428e-05,33.925164593983155,21.0,1.615484028284912,False,False
(Q2_y_Bin_3)-(z_pT_Bin_20),24785.13502619158,173.6630670296181,-0.05856370366236833,0.01175016172443431,-0.009650001510529716,0.015117006086970603,42.43895185008864,19.0,2.2336290447415075,False,False
(Q2_y_Bin_3)-(z_pT_Bin_21),25482.79270727761,158.96417018838656,-0.09182041113287132,0.00977694590977568,-0.04589999618667447,0.022625515874567462,31.023252931179204,19.0,1.632802785851537,False,False
(Q2_y_Bin_3)-(z_pT_Bin_22),25545.428122750713,141.58691216932675,-0.15985081574634977,0.008415485251214536,-0.038699993070845325,0.002187362027006784,24.40199904975003,21.0,1.1619999547500015,False,False
(Q2_y_Bin_3)-(z_pT_Bin_23),18772.416654416942,122.9803118665368,-0.24752664379493072,0.009574839816043068,0.00599999714681521,0.0035720326997281705,43.9565735483623,21.0,2.093170168969633,False,False
(Q2_y_Bin_3)-(z_pT_Bin_24),16307.888093378679,179.65529288533617,-0.3231226332674575,0.014934298698278947,0.09041236684718126,0.011962746577836234,43.10824184330975,21.0,2.052773421109988,False,False
(Q2_y_Bin_3)-(z_pT_Bin_25),40314.561464663064,264.6916567656408,-0.039742688296373466,0.009480345776999645,-0.007093060422792857,0.003942394680394645,36.99703954827282,21.0,1.7617637880129913,False,False
(Q2_y_Bin_3)-(z_pT_Bin_26),48775.53735852068,304.3675345687225,-0.039027712522204744,0.009909680718670637,-0.012250017688376752,0.019677468204408972,34.50701344242885,19.0,1.8161586022330973,False,False
(Q2_y_Bin_3)-(z_pT_Bin_27),47570.98431996273,243.9201786403719,-0.07535231672549698,0.007702862459182537,-0.04288412239808096,0.008164459719526361,27.727997157901292,21.0,1.3203808170429188,False,False
(Q2_y_Bin_3)-(z_pT_Bin_28),44541.96449394894,218.53324670618167,-0.14184350334546175,0.007167152653874034,-0.03232981140049686,0.006986732878426006,33.914142027132016,21.0,1.6149591441491435,False,False
(Q2_y_Bin_3)-(z_pT_Bin_29),30877.16239837842,226.926427554381,-0.245281434779192,0.010254083380915144,0.01964999963084474,0.0007776327803284168,114.36171760664703,21.0,5.445796076507001,False,False
(Q2_y_Bin_8)-(z_pT_Bin_6),5374.356546867378,79.21435334358421,-0.027200753261452732,0.026565255207545928,0.012449988080494639,0.0076825605904824925,35.808808161088244,21.0,1.705181341004202,False,False
(Q2_y_Bin_8)-(z_pT_Bin_7),4644.285187038839,64.08059028865637,-0.09070986485642468,0.01945301632952995,0.01049998651804352,0.006835651444839516,20.25964501496018,21.0,0.9647450007123896,False,False
(Q2_y_Bin_8)-(z_pT_Bin_8),3858.721413756666,55.18153097094864,-0.15820111134678275,0.021192386373852512,-0.011399972777124881,0.005288458577235692,28.57700486625865,21.0,1.3608097555361263,False,False
(Q2_y_Bin_8)-(z_pT_Bin_9),2946.695161789955,54.30731120683686,-0.19055989144486896,0.02790140513225238,-0.015282886617455721,0.010458446876509821,31.521410072836982,21.0,1.5010195272779516,False,False
(Q2_y_Bin_8)-(z_pT_Bin_10),1290.8133671088206,40.3029351920386,-0.3345084640026651,0.0503979522382349,-0.010184101507329292,0.006674491706808865,12.67503991346014,19.0,0.6671073638663231,False,False
(Q2_y_Bin_8)-(z_pT_Bin_11),7818.328162215304,93.94501960444404,-0.03841056320553787,0.022375589716699066,5.000001214573366e-05,8.275972682806874e-05,24.264687662051674,21.0,1.155461317240556,False,False
(Q2_y_Bin_8)-(z_pT_Bin_12),7313.072797818977,76.10664310834863,-0.0908254928476404,0.014957616832814526,-0.020549993823533237,0.013073928513101227,21.45329233765003,21.0,1.0215853494119063,False,False
(Q2_y_Bin_8)-(z_pT_Bin_13),6467.452906359557,69.93667159793904,-0.11662217653537157,0.016008748468032664,-0.008050473872876638,0.01559001090775884,28.32174833532985,21.0,1.3486546826347547,False,False
(Q2_y_Bin_8)-(z_pT_Bin_14),5695.276627716755,77.7246244795806,-0.1550915923269248,0.021053231369605657,-0.03659419966730595,0.02220241483139219,19.383861295311366,21.0,0.923041014062446,False,False
(Q2_y_Bin_8)-(z_pT_Bin_15),4308.339380511669,61.91940429348233,-0.317160108041979,0.023682558393537168,-0.008850000016823128,0.011188388229205985,42.903355785060015,19.0,2.2580713571084217,False,False
(Q2_y_Bin_8)-(z_pT_Bin_16),11606.314401583275,111.77745293935277,-0.022294708146502872,0.01649839538464111,-0.007799999895916484,0.005014029119055385,38.46631382034714,21.0,1.83172922954034,False,False
(Q2_y_Bin_8)-(z_pT_Bin_17),11717.506555081218,96.33292453665763,-0.05540270113860201,0.01179289481787521,-0.033668982479241966,0.013581645252408724,32.26602309612177,21.0,1.536477290291513,False,False
(Q2_y_Bin_8)-(z_pT_Bin_18),10905.738692777117,96.29569173097389,-0.08117229962611099,0.01298861255415807,-0.05647215517685203,0.03468067098668117,11.779702782157663,21.0,0.5609382277217935,False,False
(Q2_y_Bin_8)-(z_pT_Bin_19),10005.27696528356,116.20799431473279,-0.14425493628224467,0.018361377815109506,-0.038265584891322195,0.0150094565289984,20.332166236137653,19.0,1.0701140124282975,False,False
(Q2_y_Bin_8)-(z_pT_Bin_20),8202.35620583417,84.0627341973809,-0.1989276169346429,0.016116629118755957,-0.06074992493844519,0.028338076294316485,35.00190451124796,20.0,1.7500952255623978,False,False
(Q2_y_Bin_8)-(z_pT_Bin_21),8679.06543363032,97.0858438212108,-0.006900001243877394,0.010962877225515706,-0.0004500000000419573,0.00045150935925151667,27.078763394902055,21.0,1.2894649235667646,False,False
(Q2_y_Bin_8)-(z_pT_Bin_22),9286.954956467427,86.85079614667029,-0.04029261267702757,0.01305801900431714,-0.049049999254781367,0.02031465406283855,28.889342667289675,21.0,1.3756829841566511,False,False
(Q2_y_Bin_8)-(z_pT_Bin_23),8954.157466517852,94.05756164434388,-0.05789484430031946,0.016342115801069826,-0.0700499998529111,0.030133563322988808,23.469201020508716,21.0,1.1175810009766056,False,False
(Q2_y_Bin_8)-(z_pT_Bin_24),8453.167278154559,101.87353205324507,-0.1306353604399232,0.02002864534093792,-0.08009999327138562,0.00953660089140429,18.11554122469259,19.0,0.9534495381417152,False,False
(Q2_y_Bin_8)-(z_pT_Bin_25),7106.112019885268,104.0561662111877,-0.16117535634718136,0.02125775180793958,-0.0406477548226772,0.01810513856803909,30.927848494854988,21.0,1.4727546902311899,False,False
(Q2_y_Bin_8)-(z_pT_Bin_26),10491.850306808521,106.02877506965433,-0.025949999347444463,0.01404569007773148,-0.0008500001519614959,0.0012332085851287568,21.224644250906103,21.0,1.0106973452812429,False,False
(Q2_y_Bin_8)-(z_pT_Bin_27),11180.508626440644,98.65493272129152,-0.03276090475490858,0.011712062819910468,-0.028075399103285343,0.011493595606418642,29.878578296979462,21.0,1.4227894427133077,False,False
(Q2_y_Bin_8)-(z_pT_Bin_28),10940.301771630873,136.15475239846455,-0.09523711996441492,0.01819132110748089,-0.0496922384708043,0.015951316009212613,39.87372506042048,21.0,1.8987488124009755,False,False
(Q2_y_Bin_8)-(z_pT_Bin_29),11109.37428175311,126.4717889704043,-0.09569907973040752,0.016869398120942576,-0.05189733167491513,0.016274196076744647,15.349731037615495,19.0,0.8078805809271313,False,False
(Q2_y_Bin_8)-(z_pT_Bin_30),8849.412947409719,121.27737145186529,-0.160606938264092,0.02042087780355556,-0.01645000082082711,0.005748672426297634,38.53123423239989,21.0,1.834820677733328,False,False
(Q2_y_Bin_8)-(z_pT_Bin_31),28827.16386071798,232.59392437766837,-0.029549988895627502,0.016052221855599673,-0.0019088721745009261,0.0015230385836283353,38.79772485446572,21.0,1.8475107073555104,False,False
(Q2_y_Bin_8)-(z_pT_Bin_32),29577.47421207448,223.24193597675185,-0.022308935593780194,0.009900440459805647,-0.04594198116179224,0.010720430104629242,32.29238081942439,21.0,1.53773241997259,False,False
(Q2_y_Bin_8)-(z_pT_Bin_33),29466.424266228085,267.45220597550906,-0.0272000305288213,0.03883138863256757,-0.0307151933869661,0.011913019558241436,26.114208150280625,19.0,1.3744320079095065,False,False
(Q2_y_Bin_8)-(z_pT_Bin_34),28831.984997125393,236.7040147561911,-0.1265511987315509,0.012747931718715438,-0.024750011882297977,0.003457382305735267,33.019671726145006,21.0,1.5723653202926193,False,False
(Q2_y_Bin_1)-(z_pT_Bin_1),25030.2989273093,297.7742641772802,-0.049312087715435216,0.017408236161811814,-0.0025159619091564096,0.004666546298775174,35.207871172937196,18.0,1.9559928429409554,False,False
(Q2_y_Bin_1)-(z_pT_Bin_2),26217.66540269808,258.17374705599104,-0.13288636248379973,0.0167548840784369,0.01739999860897328,0.01002196225791498,53.575962438281216,15.0,3.571730829218748,False,False
(Q2_y_Bin_1)-(z_pT_Bin_3),29814.121724681834,244.71215544087318,-0.17038235321288675,0.014246322587276289,0.014399962305162451,0.0073980125138283625,49.1279193480465,15.0,3.2751946232030997,False,False
(Q2_y_Bin_1)-(z_pT_Bin_4),27727.380342931832,190.57012296891844,-0.2388254045035727,0.012098017513418435,0.008849999696797775,0.005895150539439357,56.091498460034124,17.0,3.299499909413772,False,False
(Q2_y_Bin_1)-(z_pT_Bin_5),24808.497922633233,146.9788956453831,-0.2655967787689894,0.010280695387831384,-0.0027340256907588288,0.0011050999134722484,58.599172253790194,21.0,2.790436773990009,False,False
(Q2_y_Bin_1)-(z_pT_Bin_6),18665.437207337676,116.94871624488042,-0.321076816517993,0.010080470995189883,0.009855718001049356,0.00723955330472473,31.44683904717201,21.0,1.49746852605581,False,False
(Q2_y_Bin_1)-(z_pT_Bin_7),17380.77626726511,97.0863650262927,-0.46214482960894765,0.00813552033742157,0.09288125762964816,0.007900917640722233,137.86003504413776,21.0,6.564763573530369,False,False
(Q2_y_Bin_1)-(z_pT_Bin_8),27997.497605384913,178.9806864944312,0.007499999961925685,0.0038696409389061054,0.0015000001180555435,0.0023438491886623334,29.287298013271855,16.0,1.830456125829491,False,False
(Q2_y_Bin_1)-(z_pT_Bin_9),28127.038392491206,154.4401912704525,-0.022150000491734476,0.0019278381798768871,-0.0038999999032920908,0.0018228135339277791,32.47250081062167,17.0,1.910147106507157,False,False
(Q2_y_Bin_1)-(z_pT_Bin_10),30318.44268599312,164.92373689348824,-0.09954870110465164,0.008886967375773082,0.0010499904655343181,0.0006143861304240727,30.169047828233687,18.0,1.6760582126796493,False,False
(Q2_y_Bin_1)-(z_pT_Bin_11),26088.94838273174,124.5606750866009,-0.17445358404346273,0.007530321702053741,0.014099977456585389,0.007971359001206633,46.685564692266745,21.0,2.2231221282031783,False,False
(Q2_y_Bin_1)-(z_pT_Bin_12),20154.676474483134,99.54060996742919,-0.25084322228822553,0.007202559686458679,0.04366255205231572,0.00700533789879125,51.860846150294456,21.0,2.469564102394974,False,False
(Q2_y_Bin_1)-(z_pT_Bin_13),12883.350644257676,76.64588962184826,-0.3257576704296296,0.00844295170152276,0.08061787710784143,0.008312334813950141,43.25141775162772,21.0,2.059591321506082,False,False
(Q2_y_Bin_1)-(z_pT_Bin_14),9074.488853448744,61.969690651255405,-0.5372692890194857,0.009593512634825108,0.20350215280002082,0.0092350391654826,65.21038723210403,21.0,3.1052565348620966,False,False
(Q2_y_Bin_1)-(z_pT_Bin_15),28961.661394791234,161.1572767323214,0.013799920184667197,0.009192196962610819,-0.0034499416709207454,0.0022997531995241787,28.59094233353764,15.0,1.9060628222358427,False,False
(Q2_y_Bin_1)-(z_pT_Bin_16),29036.74534867432,141.17666249787362,-0.02185001593440169,0.007334127272932244,-0.019349997499080587,0.0028763310919156203,37.31207275610167,17.0,2.1948278091824514,False,False
(Q2_y_Bin_1)-(z_pT_Bin_17),29278.781075773986,129.77297968338644,-0.11171162626691733,0.006776922281436185,-0.015882967836273864,0.01047742798299987,32.70756215878639,21.0,1.557502959942209,False,False
(Q2_y_Bin_1)-(z_pT_Bin_18),23298.8373106688,102.63335119443764,-0.20034753908008932,0.006282773350928597,0.017849994154746727,0.011042045622593762,32.87675187184228,21.0,1.5655596129448706,False,False
(Q2_y_Bin_1)-(z_pT_Bin_19),16621.006563971387,85.84277949857096,-0.2615052692048834,0.007373260139516863,0.045062913001364044,0.007172046849483069,35.3367616226054,21.0,1.682702934409781,False,False
(Q2_y_Bin_1)-(z_pT_Bin_20),9184.561695978502,65.72096372554097,-0.3766994070157169,0.01027590740602638,0.12580818192378898,0.009925675819017411,36.71913391587316,21.0,1.7485301864701503,False,False
(Q2_y_Bin_1)-(z_pT_Bin_22),28200.67362480706,156.7813486891846,0.0017976831045626268,0.0011965903570128318,0.004499997159820094,0.002416932905413569,22.07575579541761,17.0,1.2985738703186829,False,False
(Q2_y_Bin_1)-(z_pT_Bin_23),29651.849643560592,148.27272180028194,-0.03929440301974249,0.0077463743436671575,-0.015416664112091314,0.011503691308346598,38.04485569197416,21.0,1.8116597948559126,False,False
(Q2_y_Bin_1)-(z_pT_Bin_24),29429.15811955111,114.02888338877347,-0.14177866037187778,0.005486330623390587,-0.01000515510349189,0.00792176473643087,34.622815260700314,21.0,1.648705488604777,False,False
(Q2_y_Bin_1)-(z_pT_Bin_25),22136.66327818855,98.84682431660804,-0.20085253347867105,0.006368127802133194,0.01311799020926956,0.005420493829467926,23.427778666884084,21.0,1.1156085079468612,False,False
(Q2_y_Bin_1)-(z_pT_Bin_26),13799.868245264095,82.88253485548648,-0.26618154884387163,0.008659942784040447,0.06819858952587546,0.00834029355300394,77.58398081381272,21.0,3.6944752768482245,False,False
(Q2_y_Bin_1)-(z_pT_Bin_29),29852.5973888776,259.09408779157457,-0.007283356879531518,0.006873825646596621,-0.004049981869513284,0.0024593120852670325,28.758889957604765,17.0,1.6916994092708686,False,False
(Q2_y_Bin_1)-(z_pT_Bin_30),32195.394648097885,156.39128860249366,-0.08388079226739187,0.007210954717598514,-0.02354999953868696,0.010185442292096435,38.73480949377983,21.0,1.8445147377990394,False,False
(Q2_y_Bin_1)-(z_pT_Bin_31),30669.265221466918,138.9562399771621,-0.14522353332240048,0.00645049839188333,-0.0023500021747086077,0.0031926623511953677,45.07637354131059,21.0,2.146493978157647,False,False
(Q2_y_Bin_1)-(z_pT_Bin_32),21157.472445687312,117.62428280294625,-0.2114100506393242,0.008014519228737194,0.02165684953919001,0.007171942572356704,120.88543133806132,21.0,5.756449111336254,False,False
(Q2_y_Bin_5)-(z_pT_Bin_1),12012.091156899947,176.96656716243706,-0.06739042115793221,0.022678482652753185,-0.011528268169948803,0.012638175580602016,15.852553171267875,21.0,0.7548834843460893,False,False
(Q2_y_Bin_5)-(z_pT_Bin_2),11971.265808743212,254.56729467855803,-0.1606128003156931,0.03637666900783669,0.005590437390568086,0.004732721552181613,18.511263583152914,16.0,1.1569539739470571,False,False
(Q2_y_Bin_5)-(z_pT_Bin_3),12213.519308783143,146.63120518799678,-0.199077638262304,0.021001382952596417,0.011249999938529093,0.005852476338038896,35.56415961036484,15.0,2.3709439740243226,False,False
(Q2_y_Bin_5)-(z_pT_Bin_4),13459.209340343043,144.0124193381871,-0.21866357441266204,0.018975084124880567,0.004499981686301455,0.0029973100713452574,29.119184982287486,15.0,1.9412789988191657,False,False
(Q2_y_Bin_5)-(z_pT_Bin_5),15336.240361946197,171.07638979232433,-0.24487444152317597,0.02039146459465374,-0.014969799803089217,0.006468394122391494,38.15254516268351,17.0,2.2442673625107945,False,False
(Q2_y_Bin_5)-(z_pT_Bin_6),16938.047555227415,104.76888360900557,-0.40936007822283316,0.010556031268659505,0.05607240732224547,0.009048701607025152,54.87420513449958,21.0,2.613057387357123,False,False
(Q2_y_Bin_5)-(z_pT_Bin_7),13881.252806754697,142.5926889787106,-0.036853172980283976,0.0228505892556645,0.006449999942360811,0.003757490641731004,35.41048144381316,21.0,1.686213402086341,False,False
(Q2_y_Bin_5)-(z_pT_Bin_8),13927.787696182912,135.79208682931676,-0.08068293871419147,0.01630383156495245,0.012599997042756378,0.00576427062214505,28.778681244052347,15.0,1.9185787496034898,False,False
(Q2_y_Bin_5)-(z_pT_Bin_9),13871.377927165391,135.92464112072412,-0.1035216888731479,0.01652037988325076,0.004347376411993242,0.0018199656833185688,35.38217839280648,16.0,2.211386149550405,False,False
(Q2_y_Bin_5)-(z_pT_Bin_10),13966.212174388123,111.67385396125519,-0.1460503123564211,0.013441735831685633,0.002650000348471746,0.003880387279571993,21.826220440899338,17.0,1.2838953200529022,False,False
(Q2_y_Bin_5)-(z_pT_Bin_11),14404.36901929538,100.40737355575038,-0.24002176409113818,0.011617146909783077,0.012519878497488836,0.009739736633464804,24.59454602505204,21.0,1.1711688583358115,False,False
(Q2_y_Bin_5)-(z_pT_Bin_12),12981.31931673606,71.84059129969864,-0.42188526321534325,0.008007771733111013,0.09834651508720325,0.007902407228903029,55.55418051957957,21.0,2.645437167599027,False,False
(Q2_y_Bin_5)-(z_pT_Bin_13),18336.634158290024,119.3993644025486,-0.01484999972192644,0.006622304507334575,-0.00015000243162906733,0.00015005079242271833,34.82471138585752,19.0,1.83287954662408,False,False
(Q2_y_Bin_5)-(z_pT_Bin_14),17907.444725540463,107.63051012908545,-0.08594999965640586,0.01103703552845444,-0.0024500619657408457,0.004743932968830916,26.45197663696018,16.0,1.6532485398100112,False,False
(Q2_y_Bin_5)-(z_pT_Bin_15),17458.567512799236,119.55632671243256,-0.09255999982599429,0.011187024299742679,-0.002600000100150155,0.004152209400252128,25.960695934711552,17.0,1.5270997608653853,False,False
(Q2_y_Bin_5)-(z_pT_Bin_16),16640.25975065706,94.62527395922189,-0.14278854422819762,0.009132232487078673,0.00020000104979999106,0.0003508178391461578,30.689895388635666,21.0,1.4614235899350316,False,False
(Q2_y_Bin_5)-(z_pT_Bin_17),15755.04820984641,79.68237348213643,-0.22814839406218085,0.0074544240798327804,0.03699286318561757,0.007262051940656216,46.97012519996153,21.0,2.236672628569597,False,False
(Q2_y_Bin_5)-(z_pT_Bin_18),11997.929335401453,63.60238618300991,-0.4719333861954262,0.007413694833975887,0.16641280459012503,0.007310120021838451,78.96785848673174,21.0,3.7603742136538925,False,False
(Q2_y_Bin_5)-(z_pT_Bin_19),22833.132136995577,139.0406374867107,-0.010949998981713898,0.006437814488857281,-0.009326210826896322,0.005773870656563259,20.1184314604165,18.0,1.1176906366898054,False,False
(Q2_y_Bin_5)-(z_pT_Bin_20),22764.46727722506,147.84477081399382,-0.050293103785268516,0.010362715502039817,-0.006650000736515909,0.008538843116756263,21.414977177819285,17.0,1.2597045398717226,False,False
(Q2_y_Bin_5)-(z_pT_Bin_21),21086.390867324477,113.79610977154334,-0.09471255505082168,0.008606075188402035,-0.01823056169213432,0.007756739779333681,33.158943760560724,21.0,1.578997321931463,False,False
(Q2_y_Bin_5)-(z_pT_Bin_22),19619.157101686527,88.78372574361492,-0.1548343229869339,0.006604070243575483,0.000400001509940201,0.000745907234324317,28.38751372154374,21.0,1.351786367692559,False,False
(Q2_y_Bin_5)-(z_pT_Bin_23),17064.544365946,77.39375880718944,-0.2876604311304916,0.006396622143939351,0.05024262590923923,0.006324682123527138,33.31366573634604,21.0,1.586365035064097,False,False
(Q2_y_Bin_5)-(z_pT_Bin_25),22113.760456049487,156.63144498838665,-0.005497038631687481,0.0037723842387706874,-0.0005500001434358677,0.0010550439234664635,27.718916294880366,17.0,1.6305244879341392,False,False
(Q2_y_Bin_5)-(z_pT_Bin_26),22043.96758695813,117.43866460727077,-0.07935868267031736,0.00815306511477474,-0.019328409234720595,0.01057866009837777,38.43533444808444,21.0,1.8302540213373544,False,False
(Q2_y_Bin_5)-(z_pT_Bin_27),20407.155070664125,93.40210799995293,-0.11503245181117545,0.006671352820916611,-0.013506749316243226,0.009626889248863488,37.70674647669603,21.0,1.7955593560331444,False,False
(Q2_y_Bin_5)-(z_pT_Bin_28),17967.015923200026,82.47009510417956,-0.19932256283986582,0.006414985747099547,0.0027000015003119174,0.004278410015655211,44.75466611752933,21.0,2.1311745770252064,False,False
(Q2_y_Bin_5)-(z_pT_Bin_29),14354.442454510117,74.84644012547142,-0.29350581492620625,0.007471048151088955,0.07580646996463325,0.007259247500647284,23.033527071372703,21.0,1.0968346224463192,False,False
(Q2_y_Bin_5)-(z_pT_Bin_31),32243.3688259056,177.05697869222058,-0.0055000330734145154,0.010493528571788556,0.0028499960970159634,0.0017579306736783943,32.81987071268128,17.0,1.9305806301577224,False,False
(Q2_y_Bin_5)-(z_pT_Bin_32),32252.22632542543,150.61793978207606,-0.0841357936069126,0.007116685660342591,-0.024938650136929343,0.016573359800408756,32.08097278234734,21.0,1.5276653705879686,False,False
(Q2_y_Bin_5)-(z_pT_Bin_33),27985.30893190616,120.73259390326712,-0.11631195532699949,0.006104811752184941,-0.010900881030332672,0.007186445384913197,28.04543238329703,21.0,1.3354967801570015,False,False
(Q2_y_Bin_5)-(z_pT_Bin_34),22596.810996251876,107.06120366595678,-0.20322677678947623,0.006783197460457149,0.034049993730449396,0.004469385128593935,38.67585939656437,21.0,1.841707590312589,False,False
(Q2_y_Bin_10)-(z_pT_Bin_1),12055.38746121448,99.68616811458287,-0.040523148375495366,0.011101406342460091,-0.005000002168490079,0.007145432412309359,40.26701299837061,21.0,1.9174768094462196,False,False
(Q2_y_Bin_10)-(z_pT_Bin_2),12782.990922573497,98.69129260645514,-0.1344695091066513,0.01168855136880572,0.013349999305879455,0.008678804479571764,27.951922425243485,21.0,1.3310439250115944,False,False
(Q2_y_Bin_10)-(z_pT_Bin_3),12807.540042532777,114.32576173240795,-0.172039235181708,0.014990680921506211,0.01466207920540943,0.01019237363795947,18.34997243564815,21.0,0.8738082112213406,False,False
(Q2_y_Bin_10)-(z_pT_Bin_4),13867.236643282467,123.19335354023588,-0.20832555950926132,0.015421192307554385,0.01566641020453847,0.010749961659060513,19.012280115507313,19.0,1.000646321868806,False,False
(Q2_y_Bin_10)-(z_pT_Bin_5),14615.823527009841,99.11875769723429,-0.27845818717203735,0.01184894816695875,0.00545000100724184,0.0076411936606933925,58.406838597127546,17.0,3.4356963880663263,False,False
(Q2_y_Bin_10)-(z_pT_Bin_6),10518.716787897789,75.45918737975808,-0.4390715450114819,0.011544942086632481,0.06470980711712068,0.010426326584850557,78.40451789855226,21.0,3.733548471359631,False,False
(Q2_y_Bin_10)-(z_pT_Bin_7),11591.299561305064,91.05096382641932,-0.009400001886576798,0.013255551747628408,-0.0061499972032026526,0.003446904411734112,31.384282486390966,21.0,1.4944896422090936,False,False
(Q2_y_Bin_10)-(z_pT_Bin_8),12410.830387114005,91.30934822167637,-0.05328892220840046,0.011616127374654207,-0.004199999352720663,0.0024818812387628003,50.46507343700534,21.0,2.4030987350954924,False,False
(Q2_y_Bin_10)-(z_pT_Bin_9),12752.641627116853,98.4095547367433,-0.13356019947999645,0.01307036109141365,-0.007349999931539748,0.004245245603815077,34.00991413778076,19.0,1.7899954809358296,False,False
(Q2_y_Bin_10)-(z_pT_Bin_10),13980.52941025945,88.30619784015289,-0.0821473008470549,0.009263157301749321,0.0029999999772866086,0.0013173604746441222,133.34550864305092,18.0,7.408083813502829,False,False
(Q2_y_Bin_10)-(z_pT_Bin_11),14104.07130424992,98.2792256222192,-0.26403476505127854,0.011549359492315003,0.018273824272283905,0.013934727511925316,25.73182678827995,19.0,1.3543066730673659,False,False
(Q2_y_Bin_10)-(z_pT_Bin_12),11659.695337061205,70.41184183484802,-0.4465560395548991,0.00892765707109991,0.11047727326816449,0.008828650369487531,52.05928072164975,21.0,2.479013367697607,False,False
(Q2_y_Bin_10)-(z_pT_Bin_13),17035.87908405034,105.38045216980936,-0.003950000308363372,0.005701317153356016,-0.006851089184007727,0.005324707556290658,28.549658570497733,21.0,1.3595075509760826,False,False
(Q2_y_Bin_10)-(z_pT_Bin_14),18083.996045960404,124.62571419907363,-0.058189999875937336,0.01087382086517268,-0.0070797245619011705,0.011428930823874642,32.517184658296834,20.0,1.6258592329148418,False,False
(Q2_y_Bin_10)-(z_pT_Bin_15),17988.299568883303,144.39464728041276,-0.06740503757105477,0.012907958102734634,-0.01341872555500269,0.014742680511154207,28.300409491733856,18.0,1.572244971762992,False,False
(Q2_y_Bin_10)-(z_pT_Bin_16),17912.05867235171,110.63529729780021,-0.15755617016413562,0.009943972685716798,-0.004858788618145226,0.004781176288096474,22.080630723588023,19.0,1.1621384591362116,False,False
(Q2_y_Bin_10)-(z_pT_Bin_17),17577.444968194068,88.94072752747161,-0.2632876142004959,0.007677564682718158,0.01681355657653845,0.006924231368530879,32.67508790486687,21.0,1.5559565668984223,False,False
(Q2_y_Bin_10)-(z_pT_Bin_18),12083.883093875585,68.3639406514585,-0.4369092901464261,0.007893709494781437,0.1332780514190191,0.007786695213547468,40.520917236056384,21.0,1.9295674874312563,False,False
(Q2_y_Bin_10)-(z_pT_Bin_19),20533.812434455365,108.64726458626319,-0.004450000115311259,0.0064191391452976445,-0.014849999932962404,0.009564898051905895,16.969830728608684,21.0,0.8080871775527945,False,False
(Q2_y_Bin_10)-(z_pT_Bin_20),22416.976559387513,164.89829023160746,-0.06394657044910318,0.01160753244699379,-0.01385346531942014,0.015801063212097115,27.355439189129665,19.0,1.4397599573226139,False,False
(Q2_y_Bin_10)-(z_pT_Bin_21),21872.422880965212,116.47902974900535,-0.08533600010714729,0.008488427619762887,-0.010300009544312986,0.012691773314407613,23.90441557131814,19.0,1.2581271353325336,False,False
(Q2_y_Bin_10)-(z_pT_Bin_22),20734.85305351201,98.18067593031992,-0.1551727133318019,0.007260654590223445,-0.018449999551740155,0.002660800418678746,35.87446734064341,21.0,1.7083079686020672,False,False
(Q2_y_Bin_10)-(z_pT_Bin_23),18708.022194327783,85.61734486174646,-0.2478297618209496,0.0065110758345428565,0.017944871490199337,0.006226447662187794,37.41768939165219,21.0,1.7817947329358186,False,False
(Q2_y_Bin_10)-(z_pT_Bin_25),14462.32709149457,93.7925092160931,-0.007700000408972897,0.010143651372683289,-0.001150003055237811,0.0012161348604052486,42.418778167195434,21.0,2.019941817485497,False,False
(Q2_y_Bin_10)-(z_pT_Bin_26),15735.078009420775,113.55561635878621,-0.07136095208194952,0.01171067991116917,-0.010800002444259856,0.019760598119095082,21.209365208262007,19.0,1.116282379382211,False,False
(Q2_y_Bin_10)-(z_pT_Bin_27),14806.839930090662,89.96841530454822,-0.11240921605535593,0.009367653451467714,-0.0344999989054142,0.015656117977330842,27.0616255856663,21.0,1.288648837412681,False,False
(Q2_y_Bin_10)-(z_pT_Bin_28),13617.11238665774,78.45345923633522,-0.15194129092519212,0.008180537418310513,-0.012449998981362736,0.0066449936271910995,18.462717664382797,21.0,0.879177031637276,False,False
(Q2_y_Bin_10)-(z_pT_Bin_29),11457.381396919523,78.0544113381593,-0.2585309766042562,0.009677366636615642,0.06021245672302361,0.009178684335313589,34.09380906326385,21.0,1.6235147172982785,False,False
(Q2_y_Bin_10)-(z_pT_Bin_31),25869.556091866023,152.4769231805185,-0.027662946793960187,0.009039844708202871,-0.009899997815046198,0.005733990575538377,44.803558637734184,21.0,2.1335027922730565,False,False
(Q2_y_Bin_10)-(z_pT_Bin_32),28206.062194275477,171.60711059822643,-0.07886540171540883,0.009500741138549817,-0.032256867980322054,0.014188996762248293,29.24016327184663,19.0,1.5389559616761384,False,False
(Q2_y_Bin_10)-(z_pT_Bin_33),25509.710412749133,124.36999659663343,-0.13527548083043572,0.0072272253112501406,-0.029399827777567108,0.01688201103671962,51.64894383318334,21.0,2.459473515865873,False,False
(Q2_y_Bin_10)-(z_pT_Bin_34),21867.0270692343,108.71219652686341,-0.14867918691012985,0.007034815306503017,-0.0018845504037223507,0.0007044983627039824,42.42229497415788,21.0,2.0201092844837083,False,False
(Q2_y_Bin_7)-(z_pT_Bin_1),5719.2152320483965,77.14118638471746,-0.07645009305239713,0.017252560888744464,-0.014376837076041406,0.00919977619952726,30.549308168152194,21.0,1.4547289603881997,False,False
(Q2_y_Bin_7)-(z_pT_Bin_2),5236.454485828619,68.14875869497064,-0.11805731844143932,0.018023002169994085,0.00895037025304269,0.017527714360462,23.90352783704229,21.0,1.138263230335347,False,False
(Q2_y_Bin_7)-(z_pT_Bin_3),5488.755517456946,68.18086264703288,-0.19650409610321143,0.018646239971209996,0.03080658253613174,0.021818420544479834,19.630474457807463,21.0,0.9347844979908315,False,False
(Q2_y_Bin_7)-(z_pT_Bin_4),4644.909339910945,65.00271300870054,-0.2525052867225523,0.023462178801662556,0.013250003922994434,0.026135677684117425,29.61114725161266,20.0,1.480557362580633,False,False
(Q2_y_Bin_7)-(z_pT_Bin_5),3161.4195104325217,59.34647722366958,-0.24759887181478502,0.031245289253771846,0.04106012059077727,0.017170090594139042,13.055775035267004,18.0,0.7253208352926114,False,False
(Q2_y_Bin_7)-(z_pT_Bin_7),12626.85516277579,113.93218794084805,-0.017309893853788245,0.02585823282211413,0.012599996002727126,0.007847544791563212,28.07348102969774,21.0,1.3368324299856067,False,False
(Q2_y_Bin_7)-(z_pT_Bin_8),13356.865202913299,102.12020526107699,-0.04992185949303824,0.010982139080489294,0.01756233787107071,0.01227833695040292,22.852346252865964,21.0,1.0882069644221888,False,False
(Q2_y_Bin_7)-(z_pT_Bin_9),15222.292465863144,108.82528891688253,-0.13140490616152678,0.01145046854205977,0.003150000158243822,0.005639338483102952,29.987900791919685,21.0,1.4279952758056993,False,False
(Q2_y_Bin_7)-(z_pT_Bin_10),16852.68299790766,136.8266062642506,-0.17596396532132874,0.013362608875890622,0.010468447887832421,0.0072790062660190915,37.39739508504279,19.0,1.9682839518443573,False,False
(Q2_y_Bin_7)-(z_pT_Bin_11),16067.533382849304,110.29563649955253,-0.2557936014347801,0.011483696205180416,0.026699990251956005,0.016837545067540777,41.99334197988484,19.0,2.2101758936781493,False,False
(Q2_y_Bin_7)-(z_pT_Bin_12),12199.074738693902,85.62645214047188,-0.4079685240503538,0.010963175282329263,0.059714003104004335,0.01054467677551715,50.00743368767564,21.0,2.3813063660797926,False,False
(Q2_y_Bin_7)-(z_pT_Bin_13),14875.215307587816,113.63925496029424,-0.007800000029836662,0.0017009485495304054,0.004799999705760326,0.0031428356168943785,50.58309731999891,21.0,2.408718919999948,False,False
(Q2_y_Bin_7)-(z_pT_Bin_14),15264.464701472045,98.04646294957274,-0.07326783524722993,0.009913485900637481,-0.014699958326234034,0.00665873047466649,27.387762207543567,21.0,1.3041791527401698,False,False
(Q2_y_Bin_7)-(z_pT_Bin_15),17329.991937122348,132.1093666686429,-0.11230291356049249,0.01218277730518473,-0.024422128480421756,0.008232101560572051,23.47978747624336,20.0,1.173989373812168,False,False
(Q2_y_Bin_7)-(z_pT_Bin_16),18153.63074459568,122.01457635832776,-0.18215253456544672,0.011339092201567272,-0.025349995120233733,0.013413403997881561,26.746590322229434,19.0,1.4077152801173387,False,False
(Q2_y_Bin_7)-(z_pT_Bin_17),17129.55759743397,105.64913252974657,-0.23317876877275423,0.00973104783795975,-0.007049998712413681,0.004190471526306285,16.56978543583767,21.0,0.7890374017065557,False,False
(Q2_y_Bin_7)-(z_pT_Bin_18),14849.529057184342,92.47464924007818,-0.33509649374968764,0.008825384757305654,0.03919131087589344,0.008785358584245947,47.673307662735056,21.0,2.270157507749288,False,False
(Q2_y_Bin_7)-(z_pT_Bin_19),17321.681554282528,115.83841387280881,-0.006800000001618765,0.010604469537897565,-5.0010839631537065e-05,7.474905626021289e-05,27.954444787660332,21.0,1.3311640375076348,False,False
(Q2_y_Bin_7)-(z_pT_Bin_20),17710.409938690624,119.73979318319289,-0.029050036711816274,0.009775403347893051,-0.009173977560538636,0.01608416788574877,34.67201007381196,21.0,1.6510480987529506,False,False
(Q2_y_Bin_7)-(z_pT_Bin_21),20720.469727265692,174.38790449409134,-0.07349273538098317,0.01333757447752907,-0.02556070454315037,0.010195469602462643,24.47588674159785,19.0,1.2882045653472554,False,False
(Q2_y_Bin_7)-(z_pT_Bin_22),21207.712257211635,121.73614888919838,-0.15078166282949673,0.008983386367254376,-0.04064998589414493,0.005985508157256729,15.926043475461967,20.0,0.7963021737730983,False,False
(Q2_y_Bin_7)-(z_pT_Bin_23),18728.968749436408,108.19917760073622,-0.2235492722585165,0.008366659984493,-0.002789560184997133,0.0018794575719775675,25.87636590186696,21.0,1.232207900088903,False,False
(Q2_y_Bin_7)-(z_pT_Bin_24),14719.06141138647,129.93719319444244,-0.33522640824017663,0.011994277362479017,0.07580638861029547,0.010411466110489966,38.352431777522646,21.0,1.826306275120126,False,False
(Q2_y_Bin_7)-(z_pT_Bin_25),16154.630347881133,116.00284956914766,-0.02087039014560682,0.014927349079299691,-0.005932197015374154,0.00367242637242326,45.13157490354935,21.0,2.149122614454731,False,False
(Q2_y_Bin_7)-(z_pT_Bin_26),16944.447465465008,146.31261513270329,-0.0379749542478421,0.0126481268551424,-0.01771465771566513,0.018401589406686427,50.12722941793486,20.0,2.506361470896743,False,False
(Q2_y_Bin_7)-(z_pT_Bin_27),18943.108779009624,138.90924380710567,-0.0835121922990133,0.011226649498263623,-0.05045009098697382,0.025253634405491363,13.955345621108778,19.0,0.7344918747951988,False,False
(Q2_y_Bin_7)-(z_pT_Bin_28),19117.633522461503,113.24554376973174,-0.14186593228504302,0.008945523423296839,-0.044699993524279176,0.0028215908861753715,33.01609283494513,21.0,1.5721948969021489,False,False
(Q2_y_Bin_7)-(z_pT_Bin_29),16071.348275632874,111.89036061866409,-0.2253360637584359,0.009822828634211911,0.009149996793596363,0.003958132414441662,48.95201774383906,21.0,2.331048463992336,False,False
(Q2_y_Bin_7)-(z_pT_Bin_31),28676.731989242886,186.6522486211452,-0.027961142421673583,0.009588657348177225,-0.011249990889460838,0.005984862702972834,28.75998744432207,21.0,1.3695232116343843,False,False
(Q2_y_Bin_7)-(z_pT_Bin_32),30661.071516935066,218.7256467740881,-0.024050000028613704,0.03386745167118582,-0.01943157926866294,0.008932980112276038,22.600750675017096,19.0,1.1895131934219525,False,False
(Q2_y_Bin_7)-(z_pT_Bin_33),33466.54046448365,199.01729014069497,-0.07064187245983984,0.008972582004674209,-0.05174183216372267,0.03444807272278397,26.81911186791013,21.0,1.2771005651385776,False,False
(Q2_y_Bin_7)-(z_pT_Bin_34),31340.18846933099,180.46334498610668,-0.11933526236731648,0.008329484892380584,-0.023246905841403973,0.007829947100404272,44.59107396859697,21.0,2.123384474695094,False,False
(Q2_y_Bin_7)-(z_pT_Bin_35),25050.877582569447,224.45233589613417,-0.24167729295995585,0.012441731041397425,0.025349998562134015,0.0013718000054988976,60.207371661725986,21.0,2.867017698177428,False,False
